"Fig","Variable","Source","Value"
"Fig S16a","High-synchrony correlation","Data",0.354493812747463
"Fig S16a","High-synchrony correlation","Data",0.359094847467964
"Fig S16a","High-synchrony correlation","Data",-0.0686511091220152
"Fig S16a","High-synchrony correlation","Data",-0.0427229182505584
"Fig S16a","High-synchrony correlation","Data",0.456102923217028
"Fig S16a","High-synchrony correlation","Data",0.589908158692859
"Fig S16a","High-synchrony correlation","Data",0.644934270715002
"Fig S16a","High-synchrony correlation","Data",0.356105894912549
"Fig S16a","High-synchrony correlation","Data",0.372517817535265
"Fig S16a","High-synchrony correlation","Data",0.621029495752297
"Fig S16a","High-synchrony correlation","Data",0.353743056025652
"Fig S16a","High-synchrony correlation","Data",0.159111172577801
"Fig S16a","High-synchrony correlation","Data",0.446618293664192
"Fig S16a","High-synchrony correlation","Data",0.253940635564479
"Fig S16a","High-synchrony correlation","Data",0.700322330751129
"Fig S16a","High-synchrony correlation","Data",0.121877544004205
"Fig S16a","High-synchrony correlation","Data",0.662686446133355
"Fig S16a","High-synchrony correlation","Data",0.715237870261338
"Fig S16a","High-synchrony correlation","Data",0.52185779441987
"Fig S16a","High-synchrony correlation","Data",0.155724427570008
"Fig S16a","High-synchrony correlation","Data",0.722152404086503
"Fig S16a","High-synchrony correlation","Data",0.291924988424087
"Fig S16a","High-synchrony correlation","Data",-0.139768959884843
"Fig S16a","High-synchrony correlation","Data",0.363309205533135
"Fig S16a","High-synchrony correlation","Data",0.690425847134623
"Fig S16a","High-synchrony correlation","Data",0.517990679140628
"Fig S16a","High-synchrony correlation","Data",0.216430652917803
"Fig S16a","High-synchrony correlation","Data",0.757514801611056
"Fig S16a","High-synchrony correlation","Data",0.0376160891235883
"Fig S16a","High-synchrony correlation","Data",0.722550480549886
"Fig S16a","High-synchrony correlation","Data",0.246718181878418
"Fig S16a","High-synchrony correlation","Data",0.434297592496789
"Fig S16a","High-synchrony correlation","Data",0.354906740537064
"Fig S16a","High-synchrony correlation","Data",0.700486035676509
"Fig S16a","High-synchrony correlation","Data",0.708869503587773
"Fig S16a","High-synchrony correlation","Data",0.776998962783304
"Fig S16a","High-synchrony correlation","Data",0.549691150090204
"Fig S16a","High-synchrony correlation","Data",0.121634501776832
"Fig S16a","High-synchrony correlation","Data",0.449700324761838
"Fig S16a","High-synchrony correlation","Data",-0.0200297266284532
"Fig S16a","High-synchrony correlation","Data",0.271421087090428
"Fig S16a","High-synchrony correlation","Data",0.38809907685108
"Fig S16a","High-synchrony correlation","Data",0.173908089435124
"Fig S16a","High-synchrony correlation","Data",0.54136742292526
"Fig S16a","High-synchrony correlation","Data",0.2580305352121
"Fig S16a","High-synchrony correlation","Data",0.544973673677577
"Fig S16a","High-synchrony correlation","Data",0.681190100367523
"Fig S16a","High-synchrony correlation","Data",0.40176813807936
"Fig S16a","High-synchrony correlation","Data",0.592239738220539
"Fig S16a","High-synchrony correlation","Data",0.151310355690556
"Fig S16a","High-synchrony correlation","Data",0.506598088957921
"Fig S16a","High-synchrony correlation","Data",0.564828991215096
"Fig S16a","High-synchrony correlation","Data",0.341841121529985
"Fig S16a","High-synchrony correlation","Data",0.170922521489743
"Fig S16a","High-synchrony correlation","Data",-0.134481177954383
"Fig S16a","High-synchrony correlation","Data",0.619375192158296
"Fig S16a","High-synchrony correlation","Data",0.456854518836178
"Fig S16a","High-synchrony correlation","Data",0.419479101667255
"Fig S16a","High-synchrony correlation","Data",0.735238883305932
"Fig S16a","High-synchrony correlation","Data",0.1635335512563
"Fig S16a","High-synchrony correlation","Data",0.561990406425458
"Fig S16a","High-synchrony correlation","Data",0.652349994371518
"Fig S16a","High-synchrony correlation","Data",0.363691990104287
"Fig S16a","High-synchrony correlation","Data",0.185239551847581
"Fig S16a","High-synchrony correlation","Data",0.751024529947985
"Fig S16a","High-synchrony correlation","Data",0.500894242028128
"Fig S16a","High-synchrony correlation","Data",0.600390151161321
"Fig S16a","High-synchrony correlation","Data",0.57151757641535
"Fig S16a","High-synchrony correlation","Data",0.290007168400632
"Fig S16a","High-synchrony correlation","Data",0.496865451665251
"Fig S16a","High-synchrony correlation","Data",0.722840770548482
"Fig S16a","High-synchrony correlation","Data",0.578106364343803
"Fig S16a","High-synchrony correlation","Model (cross-protection 6m)",0.398516556547615
"Fig S16a","High-synchrony correlation","Model (cross-protection 6m)",0.336896187190025
"Fig S16a","High-synchrony correlation","Model (cross-protection 6m)",0.0832018513750979
"Fig S16a","High-synchrony correlation","Model (cross-protection 6m)",0.0455707638793545
"Fig S16a","High-synchrony correlation","Model (cross-protection 6m)",0.688395507808482
"Fig S16a","High-synchrony correlation","Model (cross-protection 6m)",0.583596928236111
"Fig S16a","High-synchrony correlation","Model (cross-protection 6m)",0.688153348914158
"Fig S16a","High-synchrony correlation","Model (cross-protection 6m)",0.145758392016906
"Fig S16a","High-synchrony correlation","Model (cross-protection 6m)",0.308327357267201
"Fig S16a","High-synchrony correlation","Model (cross-protection 6m)",0.555262609103549
"Fig S16a","High-synchrony correlation","Model (cross-protection 6m)",0.565535790476137
"Fig S16a","High-synchrony correlation","Model (cross-protection 6m)",0.417192950960482
"Fig S16a","High-synchrony correlation","Model (cross-protection 6m)",0.328520485596069
"Fig S16a","High-synchrony correlation","Model (cross-protection 6m)",0.496353542511797
"Fig S16a","High-synchrony correlation","Model (cross-protection 6m)",0.539990374839086
"Fig S16a","High-synchrony correlation","Model (cross-protection 6m)",0.153187816441367
"Fig S16a","High-synchrony correlation","Model (cross-protection 6m)",0.5348013668275
"Fig S16a","High-synchrony correlation","Model (cross-protection 6m)",0.63629906493156
"Fig S16a","High-synchrony correlation","Model (cross-protection 6m)",0.713624399145442
"Fig S16a","High-synchrony correlation","Model (cross-protection 6m)",0.280290944522123
"Fig S16a","High-synchrony correlation","Model (cross-protection 6m)",0.753346727744429
"Fig S16a","High-synchrony correlation","Model (cross-protection 6m)",0.638523349027463
"Fig S16a","High-synchrony correlation","Model (cross-protection 6m)",-0.0831788189591071
"Fig S16a","High-synchrony correlation","Model (cross-protection 6m)",0.152323494599355
"Fig S16a","High-synchrony correlation","Model (cross-protection 6m)",0.646726581051733
"Fig S16a","High-synchrony correlation","Model (cross-protection 6m)",0.747256378878672
"Fig S16a","High-synchrony correlation","Model (cross-protection 6m)",0.432657652955762
"Fig S16a","High-synchrony correlation","Model (cross-protection 6m)",0.779006518715155
"Fig S16a","High-synchrony correlation","Model (cross-protection 6m)",0.0235097865579713
"Fig S16a","High-synchrony correlation","Model (cross-protection 6m)",0.817293144497308
"Fig S16a","High-synchrony correlation","Model (cross-protection 6m)",0.347404776315068
"Fig S16a","High-synchrony correlation","Model (cross-protection 6m)",0.593821757383307
"Fig S16a","High-synchrony correlation","Model (cross-protection 6m)",0.218249480282447
"Fig S16a","High-synchrony correlation","Model (cross-protection 6m)",0.754388367340452
"Fig S16a","High-synchrony correlation","Model (cross-protection 6m)",0.593436688544048
"Fig S16a","High-synchrony correlation","Model (cross-protection 6m)",0.783247963757128
"Fig S16a","High-synchrony correlation","Model (cross-protection 6m)",0.430024201970003
"Fig S16a","High-synchrony correlation","Model (cross-protection 6m)",0.390412105037472
"Fig S16a","High-synchrony correlation","Model (cross-protection 6m)",0.341357652852702
"Fig S16a","High-synchrony correlation","Model (cross-protection 6m)",0.201029004490883
"Fig S16a","High-synchrony correlation","Model (cross-protection 6m)",0.542095805189777
"Fig S16a","High-synchrony correlation","Model (cross-protection 6m)",0.478958442797951
"Fig S16a","High-synchrony correlation","Model (cross-protection 6m)",0.100378342236117
"Fig S16a","High-synchrony correlation","Model (cross-protection 6m)",0.558711586437587
"Fig S16a","High-synchrony correlation","Model (cross-protection 6m)",0.465545505817497
"Fig S16a","High-synchrony correlation","Model (cross-protection 6m)",0.482933314980835
"Fig S16a","High-synchrony correlation","Model (cross-protection 6m)",0.484909904055274
"Fig S16a","High-synchrony correlation","Model (cross-protection 6m)",0.115776966152232
"Fig S16a","High-synchrony correlation","Model (cross-protection 6m)",0.425644355261257
"Fig S16a","High-synchrony correlation","Model (cross-protection 6m)",0.325715899874331
"Fig S16a","High-synchrony correlation","Model (cross-protection 6m)",0.638552535307649
"Fig S16a","High-synchrony correlation","Model (cross-protection 6m)",0.715823819483482
"Fig S16a","High-synchrony correlation","Model (cross-protection 6m)",0.453075146539769
"Fig S16a","High-synchrony correlation","Model (cross-protection 6m)",0.298973576767248
"Fig S16a","High-synchrony correlation","Model (cross-protection 6m)",0.0909436235893278
"Fig S16a","High-synchrony correlation","Model (cross-protection 6m)",0.351071250888547
"Fig S16a","High-synchrony correlation","Model (cross-protection 6m)",0.564758863501978
"Fig S16a","High-synchrony correlation","Model (cross-protection 6m)",0.620277384959321
"Fig S16a","High-synchrony correlation","Model (cross-protection 6m)",0.714788242741868
"Fig S16a","High-synchrony correlation","Model (cross-protection 6m)",0.348595159537155
"Fig S16a","High-synchrony correlation","Model (cross-protection 6m)",0.684836616609871
"Fig S16a","High-synchrony correlation","Model (cross-protection 6m)",0.371996219352533
"Fig S16a","High-synchrony correlation","Model (cross-protection 6m)",0.531443816222551
"Fig S16a","High-synchrony correlation","Model (cross-protection 6m)",0.102610377265628
"Fig S16a","High-synchrony correlation","Model (cross-protection 6m)",0.714787648002036
"Fig S16a","High-synchrony correlation","Model (cross-protection 6m)",0.437203300963788
"Fig S16a","High-synchrony correlation","Model (cross-protection 6m)",0.716744456911159
"Fig S16a","High-synchrony correlation","Model (cross-protection 6m)",0.756524921260218
"Fig S16a","High-synchrony correlation","Model (cross-protection 6m)",0.374534378924305
"Fig S16a","High-synchrony correlation","Model (cross-protection 6m)",0.745558103207819
"Fig S16a","High-synchrony correlation","Model (cross-protection 6m)",0.832352125042614
"Fig S16a","High-synchrony correlation","Model (cross-protection 6m)",0.718612485651725
"Fig S16a","High-synchrony correlation","Model (cross-protection 12m)",0.403018175267714
"Fig S16a","High-synchrony correlation","Model (cross-protection 12m)",0.553050740061634
"Fig S16a","High-synchrony correlation","Model (cross-protection 12m)",0.128910790285785
"Fig S16a","High-synchrony correlation","Model (cross-protection 12m)",0.0501244703853484
"Fig S16a","High-synchrony correlation","Model (cross-protection 12m)",0.585618693162003
"Fig S16a","High-synchrony correlation","Model (cross-protection 12m)",0.520634859239541
"Fig S16a","High-synchrony correlation","Model (cross-protection 12m)",0.690972942313467
"Fig S16a","High-synchrony correlation","Model (cross-protection 12m)",0.140585552251537
"Fig S16a","High-synchrony correlation","Model (cross-protection 12m)",0.373282543824647
"Fig S16a","High-synchrony correlation","Model (cross-protection 12m)",0.580407178795904
"Fig S16a","High-synchrony correlation","Model (cross-protection 12m)",0.499651968251098
"Fig S16a","High-synchrony correlation","Model (cross-protection 12m)",0.264581561332188
"Fig S16a","High-synchrony correlation","Model (cross-protection 12m)",0.336102647032912
"Fig S16a","High-synchrony correlation","Model (cross-protection 12m)",0.268247330119639
"Fig S16a","High-synchrony correlation","Model (cross-protection 12m)",0.479518448042876
"Fig S16a","High-synchrony correlation","Model (cross-protection 12m)",0.0646694147533889
"Fig S16a","High-synchrony correlation","Model (cross-protection 12m)",0.496376479233961
"Fig S16a","High-synchrony correlation","Model (cross-protection 12m)",0.664056682185149
"Fig S16a","High-synchrony correlation","Model (cross-protection 12m)",0.712100966269964
"Fig S16a","High-synchrony correlation","Model (cross-protection 12m)",0.105434123864722
"Fig S16a","High-synchrony correlation","Model (cross-protection 12m)",0.75334705419377
"Fig S16a","High-synchrony correlation","Model (cross-protection 12m)",0.528228307550526
"Fig S16a","High-synchrony correlation","Model (cross-protection 12m)",-0.25817717468625
"Fig S16a","High-synchrony correlation","Model (cross-protection 12m)",0.201967866927998
"Fig S16a","High-synchrony correlation","Model (cross-protection 12m)",0.702679313319985
"Fig S16a","High-synchrony correlation","Model (cross-protection 12m)",0.684069875353311
"Fig S16a","High-synchrony correlation","Model (cross-protection 12m)",0.356141844788823
"Fig S16a","High-synchrony correlation","Model (cross-protection 12m)",0.699903698295134
"Fig S16a","High-synchrony correlation","Model (cross-protection 12m)",0.0353174074446044
"Fig S16a","High-synchrony correlation","Model (cross-protection 12m)",0.763013251858971
"Fig S16a","High-synchrony correlation","Model (cross-protection 12m)",0.343150042543952
"Fig S16a","High-synchrony correlation","Model (cross-protection 12m)",0.501959596358977
"Fig S16a","High-synchrony correlation","Model (cross-protection 12m)",0.204861311663678
"Fig S16a","High-synchrony correlation","Model (cross-protection 12m)",0.721662308934858
"Fig S16a","High-synchrony correlation","Model (cross-protection 12m)",0.538602705732972
"Fig S16a","High-synchrony correlation","Model (cross-protection 12m)",0.802215630500926
"Fig S16a","High-synchrony correlation","Model (cross-protection 12m)",0.427370172903018
"Fig S16a","High-synchrony correlation","Model (cross-protection 12m)",0.240270515351675
"Fig S16a","High-synchrony correlation","Model (cross-protection 12m)",0.297025367762105
"Fig S16a","High-synchrony correlation","Model (cross-protection 12m)",0.159061289188526
"Fig S16a","High-synchrony correlation","Model (cross-protection 12m)",0.480883708313354
"Fig S16a","High-synchrony correlation","Model (cross-protection 12m)",0.650726869732615
"Fig S16a","High-synchrony correlation","Model (cross-protection 12m)",0.173473964385998
"Fig S16a","High-synchrony correlation","Model (cross-protection 12m)",0.536365481908017
"Fig S16a","High-synchrony correlation","Model (cross-protection 12m)",0.464414714979876
"Fig S16a","High-synchrony correlation","Model (cross-protection 12m)",0.509165956014995
"Fig S16a","High-synchrony correlation","Model (cross-protection 12m)",0.562223997491288
"Fig S16a","High-synchrony correlation","Model (cross-protection 12m)",0.280810210413596
"Fig S16a","High-synchrony correlation","Model (cross-protection 12m)",0.387928026043999
"Fig S16a","High-synchrony correlation","Model (cross-protection 12m)",0.391437606731707
"Fig S16a","High-synchrony correlation","Model (cross-protection 12m)",0.655862516698567
"Fig S16a","High-synchrony correlation","Model (cross-protection 12m)",0.496675715120987
"Fig S16a","High-synchrony correlation","Model (cross-protection 12m)",0.558235162202927
"Fig S16a","High-synchrony correlation","Model (cross-protection 12m)",0.306010272044819
"Fig S16a","High-synchrony correlation","Model (cross-protection 12m)",-0.0095493909234897
"Fig S16a","High-synchrony correlation","Model (cross-protection 12m)",0.31035811733443
"Fig S16a","High-synchrony correlation","Model (cross-protection 12m)",0.44335984287916
"Fig S16a","High-synchrony correlation","Model (cross-protection 12m)",0.619852553678619
"Fig S16a","High-synchrony correlation","Model (cross-protection 12m)",0.717451176339878
"Fig S16a","High-synchrony correlation","Model (cross-protection 12m)",0.221764424257812
"Fig S16a","High-synchrony correlation","Model (cross-protection 12m)",0.619912266994327
"Fig S16a","High-synchrony correlation","Model (cross-protection 12m)",0.502377018515615
"Fig S16a","High-synchrony correlation","Model (cross-protection 12m)",0.558565151471099
"Fig S16a","High-synchrony correlation","Model (cross-protection 12m)",0.123275597586275
"Fig S16a","High-synchrony correlation","Model (cross-protection 12m)",0.681407699817715
"Fig S16a","High-synchrony correlation","Model (cross-protection 12m)",0.346880303291468
"Fig S16a","High-synchrony correlation","Model (cross-protection 12m)",0.365231856297177
"Fig S16a","High-synchrony correlation","Model (cross-protection 12m)",0.692949795017856
"Fig S16a","High-synchrony correlation","Model (cross-protection 12m)",0.38588924236628
"Fig S16a","High-synchrony correlation","Model (cross-protection 12m)",0.731389645767094
"Fig S16a","High-synchrony correlation","Model (cross-protection 12m)",0.790897221785366
"Fig S16a","High-synchrony correlation","Model (cross-protection 12m)",0.718571411029153
"Fig S16a","High-synchrony correlation","Model (cross-protection 24m)",0.279915582539689
"Fig S16a","High-synchrony correlation","Model (cross-protection 24m)",0.414936030773785
"Fig S16a","High-synchrony correlation","Model (cross-protection 24m)",0.164049177641408
"Fig S16a","High-synchrony correlation","Model (cross-protection 24m)",0.0582458515252465
"Fig S16a","High-synchrony correlation","Model (cross-protection 24m)",0.605828853221716
"Fig S16a","High-synchrony correlation","Model (cross-protection 24m)",0.55544055317941
"Fig S16a","High-synchrony correlation","Model (cross-protection 24m)",0.61989361173473
"Fig S16a","High-synchrony correlation","Model (cross-protection 24m)",0.169569392027262
"Fig S16a","High-synchrony correlation","Model (cross-protection 24m)",0.374184079849733
"Fig S16a","High-synchrony correlation","Model (cross-protection 24m)",0.475467235371875
"Fig S16a","High-synchrony correlation","Model (cross-protection 24m)",0.605990655158221
"Fig S16a","High-synchrony correlation","Model (cross-protection 24m)",0.298645642492075
"Fig S16a","High-synchrony correlation","Model (cross-protection 24m)",0.261332394375704
"Fig S16a","High-synchrony correlation","Model (cross-protection 24m)",0.460755910129103
"Fig S16a","High-synchrony correlation","Model (cross-protection 24m)",0.396818185723402
"Fig S16a","High-synchrony correlation","Model (cross-protection 24m)",-0.0525107556774146
"Fig S16a","High-synchrony correlation","Model (cross-protection 24m)",0.568994509374322
"Fig S16a","High-synchrony correlation","Model (cross-protection 24m)",0.70542576659711
"Fig S16a","High-synchrony correlation","Model (cross-protection 24m)",0.662734617279114
"Fig S16a","High-synchrony correlation","Model (cross-protection 24m)",0.0964384747640053
"Fig S16a","High-synchrony correlation","Model (cross-protection 24m)",0.75334822499994
"Fig S16a","High-synchrony correlation","Model (cross-protection 24m)",0.585575275720834
"Fig S16a","High-synchrony correlation","Model (cross-protection 24m)",0.269894893443755
"Fig S16a","High-synchrony correlation","Model (cross-protection 24m)",0.200891326821495
"Fig S16a","High-synchrony correlation","Model (cross-protection 24m)",0.80276101474434
"Fig S16a","High-synchrony correlation","Model (cross-protection 24m)",0.688034479017627
"Fig S16a","High-synchrony correlation","Model (cross-protection 24m)",0.389669659798748
"Fig S16a","High-synchrony correlation","Model (cross-protection 24m)",0.734398714579392
"Fig S16a","High-synchrony correlation","Model (cross-protection 24m)",-0.0214088963337774
"Fig S16a","High-synchrony correlation","Model (cross-protection 24m)",0.797333768833626
"Fig S16a","High-synchrony correlation","Model (cross-protection 24m)",0.340134130021262
"Fig S16a","High-synchrony correlation","Model (cross-protection 24m)",0.517506543473381
"Fig S16a","High-synchrony correlation","Model (cross-protection 24m)",0.222210194094946
"Fig S16a","High-synchrony correlation","Model (cross-protection 24m)",0.693150080026449
"Fig S16a","High-synchrony correlation","Model (cross-protection 24m)",0.546120795363374
"Fig S16a","High-synchrony correlation","Model (cross-protection 24m)",0.465281724544002
"Fig S16a","High-synchrony correlation","Model (cross-protection 24m)",0.399530842278424
"Fig S16a","High-synchrony correlation","Model (cross-protection 24m)",0.477815998125391
"Fig S16a","High-synchrony correlation","Model (cross-protection 24m)",0.314159035224664
"Fig S16a","High-synchrony correlation","Model (cross-protection 24m)",0.201520428170797
"Fig S16a","High-synchrony correlation","Model (cross-protection 24m)",0.470771380288818
"Fig S16a","High-synchrony correlation","Model (cross-protection 24m)",0.633505574242006
"Fig S16a","High-synchrony correlation","Model (cross-protection 24m)",0.0944995036007973
"Fig S16a","High-synchrony correlation","Model (cross-protection 24m)",0.629488981140955
"Fig S16a","High-synchrony correlation","Model (cross-protection 24m)",0.382179333276037
"Fig S16a","High-synchrony correlation","Model (cross-protection 24m)",0.458310389465659
"Fig S16a","High-synchrony correlation","Model (cross-protection 24m)",0.551518019707503
"Fig S16a","High-synchrony correlation","Model (cross-protection 24m)",0.0904117914778559
"Fig S16a","High-synchrony correlation","Model (cross-protection 24m)",0.339516376344618
"Fig S16a","High-synchrony correlation","Model (cross-protection 24m)",0.268469915745327
"Fig S16a","High-synchrony correlation","Model (cross-protection 24m)",0.636347535871499
"Fig S16a","High-synchrony correlation","Model (cross-protection 24m)",0.436034797210401
"Fig S16a","High-synchrony correlation","Model (cross-protection 24m)",0.387271505010114
"Fig S16a","High-synchrony correlation","Model (cross-protection 24m)",0.227555764749262
"Fig S16a","High-synchrony correlation","Model (cross-protection 24m)",0.0789796386459977
"Fig S16a","High-synchrony correlation","Model (cross-protection 24m)",0.510590817333062
"Fig S16a","High-synchrony correlation","Model (cross-protection 24m)",0.431190051040203
"Fig S16a","High-synchrony correlation","Model (cross-protection 24m)",0.560206716781069
"Fig S16a","High-synchrony correlation","Model (cross-protection 24m)",0.553898138853478
"Fig S16a","High-synchrony correlation","Model (cross-protection 24m)",0.320904767192572
"Fig S16a","High-synchrony correlation","Model (cross-protection 24m)",0.560945331274599
"Fig S16a","High-synchrony correlation","Model (cross-protection 24m)",0.324974479484606
"Fig S16a","High-synchrony correlation","Model (cross-protection 24m)",0.560488725037879
"Fig S16a","High-synchrony correlation","Model (cross-protection 24m)",0.120638607315359
"Fig S16a","High-synchrony correlation","Model (cross-protection 24m)",0.768041047872352
"Fig S16a","High-synchrony correlation","Model (cross-protection 24m)",0.413835153096221
"Fig S16a","High-synchrony correlation","Model (cross-protection 24m)",0.498603036725987
"Fig S16a","High-synchrony correlation","Model (cross-protection 24m)",0.763044120602209
"Fig S16a","High-synchrony correlation","Model (cross-protection 24m)",0.429402521541025
"Fig S16a","High-synchrony correlation","Model (cross-protection 24m)",0.7099078525052
"Fig S16a","High-synchrony correlation","Model (cross-protection 24m)",0.769692892572875
"Fig S16a","High-synchrony correlation","Model (cross-protection 24m)",0.53683035835658
"Fig S16b","Low-synchrony correlation","Data",-0.0689255041865001
"Fig S16b","Low-synchrony correlation","Data",0.132435744971518
"Fig S16b","Low-synchrony correlation","Data",0.0235037536206451
"Fig S16b","Low-synchrony correlation","Data",-0.162723568437444
"Fig S16b","Low-synchrony correlation","Data",-0.00738233253394619
"Fig S16b","Low-synchrony correlation","Data",0.15192561836419
"Fig S16b","Low-synchrony correlation","Data",0.19877381708192
"Fig S16b","Low-synchrony correlation","Data",0.365461465233252
"Fig S16b","Low-synchrony correlation","Data",0.0478536456943842
"Fig S16b","Low-synchrony correlation","Data",0.00398182794808918
"Fig S16b","Low-synchrony correlation","Data",0.16399072019252
"Fig S16b","Low-synchrony correlation","Data",-0.0754310493400197
"Fig S16b","Low-synchrony correlation","Data",0.140825523704842
"Fig S16b","Low-synchrony correlation","Data",0.0649656143834574
"Fig S16b","Low-synchrony correlation","Data",0.335138353018693
"Fig S16b","Low-synchrony correlation","Data",0.0600684175212625
"Fig S16b","Low-synchrony correlation","Data",0.295477717393244
"Fig S16b","Low-synchrony correlation","Data",0.115173061038461
"Fig S16b","Low-synchrony correlation","Data",-0.0467634365301333
"Fig S16b","Low-synchrony correlation","Data",-0.0307324588298482
"Fig S16b","Low-synchrony correlation","Data",0.270673532428136
"Fig S16b","Low-synchrony correlation","Data",-0.078602193025427
"Fig S16b","Low-synchrony correlation","Data",0.0144611453696547
"Fig S16b","Low-synchrony correlation","Data",0.022614484128283
"Fig S16b","Low-synchrony correlation","Data",0.12893604269551
"Fig S16b","Low-synchrony correlation","Data",0.086529592469294
"Fig S16b","Low-synchrony correlation","Data",0.00561602230818587
"Fig S16b","Low-synchrony correlation","Data",0.289790770245304
"Fig S16b","Low-synchrony correlation","Data",0.132833590743613
"Fig S16b","Low-synchrony correlation","Data",0.31851385390162
"Fig S16b","Low-synchrony correlation","Data",-0.0202462655337606
"Fig S16b","Low-synchrony correlation","Data",0.0384653697837501
"Fig S16b","Low-synchrony correlation","Data",-0.047107341992245
"Fig S16b","Low-synchrony correlation","Data",0.0140801820864314
"Fig S16b","Low-synchrony correlation","Data",0.102287941761713
"Fig S16b","Low-synchrony correlation","Data",0.0445494547816215
"Fig S16b","Low-synchrony correlation","Data",-0.08789263664292
"Fig S16b","Low-synchrony correlation","Data",0.0484377287276442
"Fig S16b","Low-synchrony correlation","Data",0.348909490246341
"Fig S16b","Low-synchrony correlation","Data",0.0847896274875512
"Fig S16b","Low-synchrony correlation","Data",-0.0405279724349429
"Fig S16b","Low-synchrony correlation","Data",0.236047764260557
"Fig S16b","Low-synchrony correlation","Data",-0.0662056973611111
"Fig S16b","Low-synchrony correlation","Data",0.0727571980802115
"Fig S16b","Low-synchrony correlation","Data",0.0207797024423738
"Fig S16b","Low-synchrony correlation","Data",-0.0119251550559957
"Fig S16b","Low-synchrony correlation","Data",-0.0894275317476771
"Fig S16b","Low-synchrony correlation","Data",0.0953431252386249
"Fig S16b","Low-synchrony correlation","Data",0.365812265003469
"Fig S16b","Low-synchrony correlation","Data",0.0280070188892089
"Fig S16b","Low-synchrony correlation","Data",0.177021075112936
"Fig S16b","Low-synchrony correlation","Data",0.160897812718076
"Fig S16b","Low-synchrony correlation","Data",0.0443757990502848
"Fig S16b","Low-synchrony correlation","Data",0.0661461499480347
"Fig S16b","Low-synchrony correlation","Data",-0.0341089461369118
"Fig S16b","Low-synchrony correlation","Data",0.0721316685751058
"Fig S16b","Low-synchrony correlation","Data",-0.0580044032762295
"Fig S16b","Low-synchrony correlation","Data",-0.0463604874544002
"Fig S16b","Low-synchrony correlation","Data",0.244992239984852
"Fig S16b","Low-synchrony correlation","Data",-0.00477646691142101
"Fig S16b","Low-synchrony correlation","Data",-0.067358581210327
"Fig S16b","Low-synchrony correlation","Data",0.337965746330726
"Fig S16b","Low-synchrony correlation","Data",0.17356150353127
"Fig S16b","Low-synchrony correlation","Data",0.0311759768340823
"Fig S16b","Low-synchrony correlation","Data",0.236297997915551
"Fig S16b","Low-synchrony correlation","Data",-0.0520900718779099
"Fig S16b","Low-synchrony correlation","Data",0.1420926555625
"Fig S16b","Low-synchrony correlation","Data",0.236792163979189
"Fig S16b","Low-synchrony correlation","Data",0.185675251294144
"Fig S16b","Low-synchrony correlation","Data",0.161536412825908
"Fig S16b","Low-synchrony correlation","Data",0.10306912369834
"Fig S16b","Low-synchrony correlation","Data",0.223763939806991
"Fig S16b","Low-synchrony correlation","Model (cross-protection 6m)",0.194218504632159
"Fig S16b","Low-synchrony correlation","Model (cross-protection 6m)",0.254411820261932
"Fig S16b","Low-synchrony correlation","Model (cross-protection 6m)",0.444960068308239
"Fig S16b","Low-synchrony correlation","Model (cross-protection 6m)",0.237839360231876
"Fig S16b","Low-synchrony correlation","Model (cross-protection 6m)",0.426470241940338
"Fig S16b","Low-synchrony correlation","Model (cross-protection 6m)",0.226524271064072
"Fig S16b","Low-synchrony correlation","Model (cross-protection 6m)",0.243610335474521
"Fig S16b","Low-synchrony correlation","Model (cross-protection 6m)",0.400642616003904
"Fig S16b","Low-synchrony correlation","Model (cross-protection 6m)",0.205629389823026
"Fig S16b","Low-synchrony correlation","Model (cross-protection 6m)",0.280327205538597
"Fig S16b","Low-synchrony correlation","Model (cross-protection 6m)",0.458267467687807
"Fig S16b","Low-synchrony correlation","Model (cross-protection 6m)",0.323060705967122
"Fig S16b","Low-synchrony correlation","Model (cross-protection 6m)",0.15254121858634
"Fig S16b","Low-synchrony correlation","Model (cross-protection 6m)",0.468216618281132
"Fig S16b","Low-synchrony correlation","Model (cross-protection 6m)",0.168873059536973
"Fig S16b","Low-synchrony correlation","Model (cross-protection 6m)",0.440849622529352
"Fig S16b","Low-synchrony correlation","Model (cross-protection 6m)",0.241818397269337
"Fig S16b","Low-synchrony correlation","Model (cross-protection 6m)",0.165547736513811
"Fig S16b","Low-synchrony correlation","Model (cross-protection 6m)",0.297991785191232
"Fig S16b","Low-synchrony correlation","Model (cross-protection 6m)",0.242036628797259
"Fig S16b","Low-synchrony correlation","Model (cross-protection 6m)",0.500068788482032
"Fig S16b","Low-synchrony correlation","Model (cross-protection 6m)",0.398647989300248
"Fig S16b","Low-synchrony correlation","Model (cross-protection 6m)",0.035654525524822
"Fig S16b","Low-synchrony correlation","Model (cross-protection 6m)",0.0336027461311495
"Fig S16b","Low-synchrony correlation","Model (cross-protection 6m)",0.417940984001681
"Fig S16b","Low-synchrony correlation","Model (cross-protection 6m)",0.246706635170039
"Fig S16b","Low-synchrony correlation","Model (cross-protection 6m)",0.230147804776761
"Fig S16b","Low-synchrony correlation","Model (cross-protection 6m)",0.0620232645454185
"Fig S16b","Low-synchrony correlation","Model (cross-protection 6m)",0.250184211596019
"Fig S16b","Low-synchrony correlation","Model (cross-protection 6m)",0.326015276086649
"Fig S16b","Low-synchrony correlation","Model (cross-protection 6m)",0.187490042414245
"Fig S16b","Low-synchrony correlation","Model (cross-protection 6m)",0.261936403693674
"Fig S16b","Low-synchrony correlation","Model (cross-protection 6m)",0.101413123146814
"Fig S16b","Low-synchrony correlation","Model (cross-protection 6m)",0.0434388671956654
"Fig S16b","Low-synchrony correlation","Model (cross-protection 6m)",0.125887037122031
"Fig S16b","Low-synchrony correlation","Model (cross-protection 6m)",0.00568613837538548
"Fig S16b","Low-synchrony correlation","Model (cross-protection 6m)",0.18844204531645
"Fig S16b","Low-synchrony correlation","Model (cross-protection 6m)",0.130076622143653
"Fig S16b","Low-synchrony correlation","Model (cross-protection 6m)",0.181197610344111
"Fig S16b","Low-synchrony correlation","Model (cross-protection 6m)",0.220971501107388
"Fig S16b","Low-synchrony correlation","Model (cross-protection 6m)",0.204589826922697
"Fig S16b","Low-synchrony correlation","Model (cross-protection 6m)",0.420843611195522
"Fig S16b","Low-synchrony correlation","Model (cross-protection 6m)",0.0122250558019629
"Fig S16b","Low-synchrony correlation","Model (cross-protection 6m)",0.141358450344692
"Fig S16b","Low-synchrony correlation","Model (cross-protection 6m)",0.417947316187029
"Fig S16b","Low-synchrony correlation","Model (cross-protection 6m)",0.118919954824288
"Fig S16b","Low-synchrony correlation","Model (cross-protection 6m)",-0.00102069286793069
"Fig S16b","Low-synchrony correlation","Model (cross-protection 6m)",0.189576953211853
"Fig S16b","Low-synchrony correlation","Model (cross-protection 6m)",0.352258069311495
"Fig S16b","Low-synchrony correlation","Model (cross-protection 6m)",0.45563572186609
"Fig S16b","Low-synchrony correlation","Model (cross-protection 6m)",0.360703674615608
"Fig S16b","Low-synchrony correlation","Model (cross-protection 6m)",0.326985196120587
"Fig S16b","Low-synchrony correlation","Model (cross-protection 6m)",0.255644410407544
"Fig S16b","Low-synchrony correlation","Model (cross-protection 6m)",0.326204641015475
"Fig S16b","Low-synchrony correlation","Model (cross-protection 6m)",0.097596585481372
"Fig S16b","Low-synchrony correlation","Model (cross-protection 6m)",-0.022024223463946
"Fig S16b","Low-synchrony correlation","Model (cross-protection 6m)",0.221764922432828
"Fig S16b","Low-synchrony correlation","Model (cross-protection 6m)",0.275817191797603
"Fig S16b","Low-synchrony correlation","Model (cross-protection 6m)",0.115538086024893
"Fig S16b","Low-synchrony correlation","Model (cross-protection 6m)",0.380003190120054
"Fig S16b","Low-synchrony correlation","Model (cross-protection 6m)",0.195935150659507
"Fig S16b","Low-synchrony correlation","Model (cross-protection 6m)",0.11104921340305
"Fig S16b","Low-synchrony correlation","Model (cross-protection 6m)",0.267054555177661
"Fig S16b","Low-synchrony correlation","Model (cross-protection 6m)",0.205893773056188
"Fig S16b","Low-synchrony correlation","Model (cross-protection 6m)",0.195937839150003
"Fig S16b","Low-synchrony correlation","Model (cross-protection 6m)",-0.0185771070821404
"Fig S16b","Low-synchrony correlation","Model (cross-protection 6m)",0.368810552015831
"Fig S16b","Low-synchrony correlation","Model (cross-protection 6m)",0.529092142730256
"Fig S16b","Low-synchrony correlation","Model (cross-protection 6m)",0.242636582469122
"Fig S16b","Low-synchrony correlation","Model (cross-protection 6m)",0.342201845449141
"Fig S16b","Low-synchrony correlation","Model (cross-protection 6m)",0.0898552608962702
"Fig S16b","Low-synchrony correlation","Model (cross-protection 6m)",0.550126629685917
"Fig S16b","Low-synchrony correlation","Model (cross-protection 12m)",0.123286497441551
"Fig S16b","Low-synchrony correlation","Model (cross-protection 12m)",0.217420196032449
"Fig S16b","Low-synchrony correlation","Model (cross-protection 12m)",0.444396380539926
"Fig S16b","Low-synchrony correlation","Model (cross-protection 12m)",0.238362665774618
"Fig S16b","Low-synchrony correlation","Model (cross-protection 12m)",0.383425558139233
"Fig S16b","Low-synchrony correlation","Model (cross-protection 12m)",0.245363343887371
"Fig S16b","Low-synchrony correlation","Model (cross-protection 12m)",0.257582204651969
"Fig S16b","Low-synchrony correlation","Model (cross-protection 12m)",0.388315481982259
"Fig S16b","Low-synchrony correlation","Model (cross-protection 12m)",0.207725965265452
"Fig S16b","Low-synchrony correlation","Model (cross-protection 12m)",0.212745453684292
"Fig S16b","Low-synchrony correlation","Model (cross-protection 12m)",0.378083556686402
"Fig S16b","Low-synchrony correlation","Model (cross-protection 12m)",0.383995835321039
"Fig S16b","Low-synchrony correlation","Model (cross-protection 12m)",0.0878601623523462
"Fig S16b","Low-synchrony correlation","Model (cross-protection 12m)",0.425718071422359
"Fig S16b","Low-synchrony correlation","Model (cross-protection 12m)",0.290186790574075
"Fig S16b","Low-synchrony correlation","Model (cross-protection 12m)",0.355237959177593
"Fig S16b","Low-synchrony correlation","Model (cross-protection 12m)",0.216823237039209
"Fig S16b","Low-synchrony correlation","Model (cross-protection 12m)",0.127275661955638
"Fig S16b","Low-synchrony correlation","Model (cross-protection 12m)",0.328437495480179
"Fig S16b","Low-synchrony correlation","Model (cross-protection 12m)",0.192287794849009
"Fig S16b","Low-synchrony correlation","Model (cross-protection 12m)",0.500069790767033
"Fig S16b","Low-synchrony correlation","Model (cross-protection 12m)",0.282394756113953
"Fig S16b","Low-synchrony correlation","Model (cross-protection 12m)",0.0640099027227833
"Fig S16b","Low-synchrony correlation","Model (cross-protection 12m)",0.126543965683535
"Fig S16b","Low-synchrony correlation","Model (cross-protection 12m)",0.294376581152646
"Fig S16b","Low-synchrony correlation","Model (cross-protection 12m)",0.170488235125843
"Fig S16b","Low-synchrony correlation","Model (cross-protection 12m)",0.301571405924235
"Fig S16b","Low-synchrony correlation","Model (cross-protection 12m)",0.148597151059058
"Fig S16b","Low-synchrony correlation","Model (cross-protection 12m)",0.131849581460946
"Fig S16b","Low-synchrony correlation","Model (cross-protection 12m)",0.108681020732478
"Fig S16b","Low-synchrony correlation","Model (cross-protection 12m)",0.154503959664161
"Fig S16b","Low-synchrony correlation","Model (cross-protection 12m)",0.386696820957224
"Fig S16b","Low-synchrony correlation","Model (cross-protection 12m)",0.0193912794099416
"Fig S16b","Low-synchrony correlation","Model (cross-protection 12m)",0.119706646098986
"Fig S16b","Low-synchrony correlation","Model (cross-protection 12m)",0.0263845972084782
"Fig S16b","Low-synchrony correlation","Model (cross-protection 12m)",0.0622083317620406
"Fig S16b","Low-synchrony correlation","Model (cross-protection 12m)",0.175332535827572
"Fig S16b","Low-synchrony correlation","Model (cross-protection 12m)",0.113288792853831
"Fig S16b","Low-synchrony correlation","Model (cross-protection 12m)",0.201870591928671
"Fig S16b","Low-synchrony correlation","Model (cross-protection 12m)",0.221172716645565
"Fig S16b","Low-synchrony correlation","Model (cross-protection 12m)",0.223965064383135
"Fig S16b","Low-synchrony correlation","Model (cross-protection 12m)",0.339266313481493
"Fig S16b","Low-synchrony correlation","Model (cross-protection 12m)",0.0318114474337968
"Fig S16b","Low-synchrony correlation","Model (cross-protection 12m)",0.177753406131417
"Fig S16b","Low-synchrony correlation","Model (cross-protection 12m)",0.326871176243198
"Fig S16b","Low-synchrony correlation","Model (cross-protection 12m)",0.121677736498215
"Fig S16b","Low-synchrony correlation","Model (cross-protection 12m)",0.0534976851240555
"Fig S16b","Low-synchrony correlation","Model (cross-protection 12m)",0.359525480396489
"Fig S16b","Low-synchrony correlation","Model (cross-protection 12m)",0.280581457124146
"Fig S16b","Low-synchrony correlation","Model (cross-protection 12m)",0.285317284879405
"Fig S16b","Low-synchrony correlation","Model (cross-protection 12m)",0.286101847507483
"Fig S16b","Low-synchrony correlation","Model (cross-protection 12m)",0.331884188811377
"Fig S16b","Low-synchrony correlation","Model (cross-protection 12m)",0.320330785901591
"Fig S16b","Low-synchrony correlation","Model (cross-protection 12m)",0.293092767289694
"Fig S16b","Low-synchrony correlation","Model (cross-protection 12m)",0.122466989211244
"Fig S16b","Low-synchrony correlation","Model (cross-protection 12m)",0.0450754289551607
"Fig S16b","Low-synchrony correlation","Model (cross-protection 12m)",0.113275344127316
"Fig S16b","Low-synchrony correlation","Model (cross-protection 12m)",0.14979799676651
"Fig S16b","Low-synchrony correlation","Model (cross-protection 12m)",0.0256057300042404
"Fig S16b","Low-synchrony correlation","Model (cross-protection 12m)",0.10158906261496
"Fig S16b","Low-synchrony correlation","Model (cross-protection 12m)",0.364061075165381
"Fig S16b","Low-synchrony correlation","Model (cross-protection 12m)",0.162217880482871
"Fig S16b","Low-synchrony correlation","Model (cross-protection 12m)",0.269915419000437
"Fig S16b","Low-synchrony correlation","Model (cross-protection 12m)",0.202712830078976
"Fig S16b","Low-synchrony correlation","Model (cross-protection 12m)",0.221262145828838
"Fig S16b","Low-synchrony correlation","Model (cross-protection 12m)",-0.107927587697083
"Fig S16b","Low-synchrony correlation","Model (cross-protection 12m)",0.393652897728385
"Fig S16b","Low-synchrony correlation","Model (cross-protection 12m)",0.451891667645484
"Fig S16b","Low-synchrony correlation","Model (cross-protection 12m)",0.314418152096793
"Fig S16b","Low-synchrony correlation","Model (cross-protection 12m)",0.347274882666688
"Fig S16b","Low-synchrony correlation","Model (cross-protection 12m)",0.0534171930138098
"Fig S16b","Low-synchrony correlation","Model (cross-protection 12m)",0.313896688631414
"Fig S16b","Low-synchrony correlation","Model (cross-protection 24m)",0.210116913725423
"Fig S16b","Low-synchrony correlation","Model (cross-protection 24m)",0.259282390177342
"Fig S16b","Low-synchrony correlation","Model (cross-protection 24m)",0.589377209180523
"Fig S16b","Low-synchrony correlation","Model (cross-protection 24m)",0.259586287335057
"Fig S16b","Low-synchrony correlation","Model (cross-protection 24m)",0.431887734829256
"Fig S16b","Low-synchrony correlation","Model (cross-protection 24m)",0.31245967134782
"Fig S16b","Low-synchrony correlation","Model (cross-protection 24m)",0.240076108378165
"Fig S16b","Low-synchrony correlation","Model (cross-protection 24m)",0.393605136658971
"Fig S16b","Low-synchrony correlation","Model (cross-protection 24m)",0.261093300499057
"Fig S16b","Low-synchrony correlation","Model (cross-protection 24m)",0.151668829498663
"Fig S16b","Low-synchrony correlation","Model (cross-protection 24m)",0.332909867111448
"Fig S16b","Low-synchrony correlation","Model (cross-protection 24m)",0.263711500812286
"Fig S16b","Low-synchrony correlation","Model (cross-protection 24m)",0.107844331609756
"Fig S16b","Low-synchrony correlation","Model (cross-protection 24m)",0.514363145357085
"Fig S16b","Low-synchrony correlation","Model (cross-protection 24m)",0.185077979129023
"Fig S16b","Low-synchrony correlation","Model (cross-protection 24m)",0.288828380091052
"Fig S16b","Low-synchrony correlation","Model (cross-protection 24m)",0.312918698591727
"Fig S16b","Low-synchrony correlation","Model (cross-protection 24m)",0.263509004750508
"Fig S16b","Low-synchrony correlation","Model (cross-protection 24m)",0.208456605968674
"Fig S16b","Low-synchrony correlation","Model (cross-protection 24m)",0.269657828112679
"Fig S16b","Low-synchrony correlation","Model (cross-protection 24m)",0.500067842783463
"Fig S16b","Low-synchrony correlation","Model (cross-protection 24m)",0.250690792148078
"Fig S16b","Low-synchrony correlation","Model (cross-protection 24m)",0.0621774912330822
"Fig S16b","Low-synchrony correlation","Model (cross-protection 24m)",0.124992289731696
"Fig S16b","Low-synchrony correlation","Model (cross-protection 24m)",0.31070589619798
"Fig S16b","Low-synchrony correlation","Model (cross-protection 24m)",0.24175684219001
"Fig S16b","Low-synchrony correlation","Model (cross-protection 24m)",0.158398626380598
"Fig S16b","Low-synchrony correlation","Model (cross-protection 24m)",0.248770972567144
"Fig S16b","Low-synchrony correlation","Model (cross-protection 24m)",0.2091008719097
"Fig S16b","Low-synchrony correlation","Model (cross-protection 24m)",0.345597591106283
"Fig S16b","Low-synchrony correlation","Model (cross-protection 24m)",0.132115029844796
"Fig S16b","Low-synchrony correlation","Model (cross-protection 24m)",0.145675078003256
"Fig S16b","Low-synchrony correlation","Model (cross-protection 24m)",0.0325227608021616
"Fig S16b","Low-synchrony correlation","Model (cross-protection 24m)",0.0343771464163461
"Fig S16b","Low-synchrony correlation","Model (cross-protection 24m)",-0.018053435225813
"Fig S16b","Low-synchrony correlation","Model (cross-protection 24m)",0.0466838748098484
"Fig S16b","Low-synchrony correlation","Model (cross-protection 24m)",0.207969186508283
"Fig S16b","Low-synchrony correlation","Model (cross-protection 24m)",0.179145426756461
"Fig S16b","Low-synchrony correlation","Model (cross-protection 24m)",0.223583178620172
"Fig S16b","Low-synchrony correlation","Model (cross-protection 24m)",0.218419319557293
"Fig S16b","Low-synchrony correlation","Model (cross-protection 24m)",0.185418243980926
"Fig S16b","Low-synchrony correlation","Model (cross-protection 24m)",0.291277489612634
"Fig S16b","Low-synchrony correlation","Model (cross-protection 24m)",-0.0494896320547632
"Fig S16b","Low-synchrony correlation","Model (cross-protection 24m)",0.262610676741371
"Fig S16b","Low-synchrony correlation","Model (cross-protection 24m)",0.40996664826173
"Fig S16b","Low-synchrony correlation","Model (cross-protection 24m)",0.0703924791879332
"Fig S16b","Low-synchrony correlation","Model (cross-protection 24m)",0.104354197078498
"Fig S16b","Low-synchrony correlation","Model (cross-protection 24m)",0.306725232272399
"Fig S16b","Low-synchrony correlation","Model (cross-protection 24m)",0.234662787628499
"Fig S16b","Low-synchrony correlation","Model (cross-protection 24m)",0.363951833657712
"Fig S16b","Low-synchrony correlation","Model (cross-protection 24m)",0.241716243120437
"Fig S16b","Low-synchrony correlation","Model (cross-protection 24m)",0.285933727538106
"Fig S16b","Low-synchrony correlation","Model (cross-protection 24m)",0.310881175405207
"Fig S16b","Low-synchrony correlation","Model (cross-protection 24m)",0.277821445496069
"Fig S16b","Low-synchrony correlation","Model (cross-protection 24m)",0.144069020330941
"Fig S16b","Low-synchrony correlation","Model (cross-protection 24m)",0.081156734579435
"Fig S16b","Low-synchrony correlation","Model (cross-protection 24m)",0.221014512370578
"Fig S16b","Low-synchrony correlation","Model (cross-protection 24m)",0.246126762551614
"Fig S16b","Low-synchrony correlation","Model (cross-protection 24m)",0.143016735604757
"Fig S16b","Low-synchrony correlation","Model (cross-protection 24m)",0.315810141941843
"Fig S16b","Low-synchrony correlation","Model (cross-protection 24m)",0.32154419102031
"Fig S16b","Low-synchrony correlation","Model (cross-protection 24m)",0.103095310753307
"Fig S16b","Low-synchrony correlation","Model (cross-protection 24m)",0.288662928568224
"Fig S16b","Low-synchrony correlation","Model (cross-protection 24m)",0.187484210891189
"Fig S16b","Low-synchrony correlation","Model (cross-protection 24m)",0.250502561399405
"Fig S16b","Low-synchrony correlation","Model (cross-protection 24m)",-0.0886714185431582
"Fig S16b","Low-synchrony correlation","Model (cross-protection 24m)",0.345725506041427
"Fig S16b","Low-synchrony correlation","Model (cross-protection 24m)",0.536893922628436
"Fig S16b","Low-synchrony correlation","Model (cross-protection 24m)",0.288118655009089
"Fig S16b","Low-synchrony correlation","Model (cross-protection 24m)",0.352761731137507
"Fig S16b","Low-synchrony correlation","Model (cross-protection 24m)",0.122101683864303
"Fig S16b","Low-synchrony correlation","Model (cross-protection 24m)",0.458646805133854
"Fig S16c","Model and data low-synchrony correlation difference","Data - Model (cross-protection 6m)",-0.263144008818659
"Fig S16c","Model and data low-synchrony correlation difference","Data - Model (cross-protection 6m)",-0.121976075290414
"Fig S16c","Model and data low-synchrony correlation difference","Data - Model (cross-protection 6m)",-0.421456314687594
"Fig S16c","Model and data low-synchrony correlation difference","Data - Model (cross-protection 6m)",-0.40056292866932
"Fig S16c","Model and data low-synchrony correlation difference","Data - Model (cross-protection 6m)",-0.433852574474284
"Fig S16c","Model and data low-synchrony correlation difference","Data - Model (cross-protection 6m)",-0.0745986526998819
"Fig S16c","Model and data low-synchrony correlation difference","Data - Model (cross-protection 6m)",-0.0448365183926016
"Fig S16c","Model and data low-synchrony correlation difference","Data - Model (cross-protection 6m)",-0.0351811507706521
"Fig S16c","Model and data low-synchrony correlation difference","Data - Model (cross-protection 6m)",-0.157775744128642
"Fig S16c","Model and data low-synchrony correlation difference","Data - Model (cross-protection 6m)",-0.276345377590507
"Fig S16c","Model and data low-synchrony correlation difference","Data - Model (cross-protection 6m)",-0.294276747495287
"Fig S16c","Model and data low-synchrony correlation difference","Data - Model (cross-protection 6m)",-0.398491755307142
"Fig S16c","Model and data low-synchrony correlation difference","Data - Model (cross-protection 6m)",-0.0117156948814978
"Fig S16c","Model and data low-synchrony correlation difference","Data - Model (cross-protection 6m)",-0.403251003897674
"Fig S16c","Model and data low-synchrony correlation difference","Data - Model (cross-protection 6m)",0.16626529348172
"Fig S16c","Model and data low-synchrony correlation difference","Data - Model (cross-protection 6m)",-0.380781205008089
"Fig S16c","Model and data low-synchrony correlation difference","Data - Model (cross-protection 6m)",0.0536593201239068
"Fig S16c","Model and data low-synchrony correlation difference","Data - Model (cross-protection 6m)",-0.0503746754753501
"Fig S16c","Model and data low-synchrony correlation difference","Data - Model (cross-protection 6m)",-0.344755221721365
"Fig S16c","Model and data low-synchrony correlation difference","Data - Model (cross-protection 6m)",-0.272769087627107
"Fig S16c","Model and data low-synchrony correlation difference","Data - Model (cross-protection 6m)",-0.229395256053896
"Fig S16c","Model and data low-synchrony correlation difference","Data - Model (cross-protection 6m)",-0.477250182325675
"Fig S16c","Model and data low-synchrony correlation difference","Data - Model (cross-protection 6m)",-0.0211933801551672
"Fig S16c","Model and data low-synchrony correlation difference","Data - Model (cross-protection 6m)",-0.0109882620028665
"Fig S16c","Model and data low-synchrony correlation difference","Data - Model (cross-protection 6m)",-0.289004941306171
"Fig S16c","Model and data low-synchrony correlation difference","Data - Model (cross-protection 6m)",-0.160177042700745
"Fig S16c","Model and data low-synchrony correlation difference","Data - Model (cross-protection 6m)",-0.224531782468575
"Fig S16c","Model and data low-synchrony correlation difference","Data - Model (cross-protection 6m)",0.227767505699885
"Fig S16c","Model and data low-synchrony correlation difference","Data - Model (cross-protection 6m)",-0.117350620852405
"Fig S16c","Model and data low-synchrony correlation difference","Data - Model (cross-protection 6m)",-0.00750142218502908
"Fig S16c","Model and data low-synchrony correlation difference","Data - Model (cross-protection 6m)",-0.207736307948005
"Fig S16c","Model and data low-synchrony correlation difference","Data - Model (cross-protection 6m)",-0.223471033909924
"Fig S16c","Model and data low-synchrony correlation difference","Data - Model (cross-protection 6m)",-0.148520465139059
"Fig S16c","Model and data low-synchrony correlation difference","Data - Model (cross-protection 6m)",-0.029358685109234
"Fig S16c","Model and data low-synchrony correlation difference","Data - Model (cross-protection 6m)",-0.0235990953603181
"Fig S16c","Model and data low-synchrony correlation difference","Data - Model (cross-protection 6m)",0.038863316406236
"Fig S16c","Model and data low-synchrony correlation difference","Data - Model (cross-protection 6m)",-0.27633468195937
"Fig S16c","Model and data low-synchrony correlation difference","Data - Model (cross-protection 6m)",-0.081638893416009
"Fig S16c","Model and data low-synchrony correlation difference","Data - Model (cross-protection 6m)",0.16771187990223
"Fig S16c","Model and data low-synchrony correlation difference","Data - Model (cross-protection 6m)",-0.136181873619837
"Fig S16c","Model and data low-synchrony correlation difference","Data - Model (cross-protection 6m)",-0.24511779935764
"Fig S16c","Model and data low-synchrony correlation difference","Data - Model (cross-protection 6m)",-0.184795846934966
"Fig S16c","Model and data low-synchrony correlation difference","Data - Model (cross-protection 6m)",-0.078430753163074
"Fig S16c","Model and data low-synchrony correlation difference","Data - Model (cross-protection 6m)",-0.0686012522644803
"Fig S16c","Model and data low-synchrony correlation difference","Data - Model (cross-protection 6m)",-0.397167613744655
"Fig S16c","Model and data low-synchrony correlation difference","Data - Model (cross-protection 6m)",-0.130845109880284
"Fig S16c","Model and data low-synchrony correlation difference","Data - Model (cross-protection 6m)",-0.0884068388797464
"Fig S16c","Model and data low-synchrony correlation difference","Data - Model (cross-protection 6m)",-0.0942338279732278
"Fig S16c","Model and data low-synchrony correlation difference","Data - Model (cross-protection 6m)",0.0135541956919744
"Fig S16c","Model and data low-synchrony correlation difference","Data - Model (cross-protection 6m)",-0.427628702976881
"Fig S16c","Model and data low-synchrony correlation difference","Data - Model (cross-protection 6m)",-0.183682599502672
"Fig S16c","Model and data low-synchrony correlation difference","Data - Model (cross-protection 6m)",-0.166087383402511
"Fig S16c","Model and data low-synchrony correlation difference","Data - Model (cross-protection 6m)",-0.211268611357259
"Fig S16c","Model and data low-synchrony correlation difference","Data - Model (cross-protection 6m)",-0.26005849106744
"Fig S16c","Model and data low-synchrony correlation difference","Data - Model (cross-protection 6m)",-0.131705531618284
"Fig S16c","Model and data low-synchrony correlation difference","Data - Model (cross-protection 6m)",0.0941558920390518
"Fig S16c","Model and data low-synchrony correlation difference","Data - Model (cross-protection 6m)",-0.279769325709058
"Fig S16c","Model and data low-synchrony correlation difference","Data - Model (cross-protection 6m)",-0.322177679252003
"Fig S16c","Model and data low-synchrony correlation difference","Data - Model (cross-protection 6m)",0.129454153959959
"Fig S16c","Model and data low-synchrony correlation difference","Data - Model (cross-protection 6m)",-0.384779657031475
"Fig S16c","Model and data low-synchrony correlation difference","Data - Model (cross-protection 6m)",-0.263293731869834
"Fig S16c","Model and data low-synchrony correlation difference","Data - Model (cross-protection 6m)",0.226916532927677
"Fig S16c","Model and data low-synchrony correlation difference","Data - Model (cross-protection 6m)",-0.0934930516463915
"Fig S16c","Model and data low-synchrony correlation difference","Data - Model (cross-protection 6m)",-0.174717796222106
"Fig S16c","Model and data low-synchrony correlation difference","Data - Model (cross-protection 6m)",0.0403601587655477
"Fig S16c","Model and data low-synchrony correlation difference","Data - Model (cross-protection 6m)",-0.0335129647957694
"Fig S16c","Model and data low-synchrony correlation difference","Data - Model (cross-protection 6m)",-0.226717896453331
"Fig S16c","Model and data low-synchrony correlation difference","Data - Model (cross-protection 6m)",-0.292299978751067
"Fig S16c","Model and data low-synchrony correlation difference","Data - Model (cross-protection 6m)",-0.0569613311749778
"Fig S16c","Model and data low-synchrony correlation difference","Data - Model (cross-protection 6m)",-0.180665432623233
"Fig S16c","Model and data low-synchrony correlation difference","Data - Model (cross-protection 6m)",0.0132138628020694
"Fig S16c","Model and data low-synchrony correlation difference","Data - Model (cross-protection 6m)",-0.326362689878926
"Fig S16c","Model and data low-synchrony correlation difference","Data - Model (cross-protection 12m)",-0.192212001628051
"Fig S16c","Model and data low-synchrony correlation difference","Data - Model (cross-protection 12m)",-0.0849844510609315
"Fig S16c","Model and data low-synchrony correlation difference","Data - Model (cross-protection 12m)",-0.420892626919281
"Fig S16c","Model and data low-synchrony correlation difference","Data - Model (cross-protection 12m)",-0.401086234212062
"Fig S16c","Model and data low-synchrony correlation difference","Data - Model (cross-protection 12m)",-0.390807890673179
"Fig S16c","Model and data low-synchrony correlation difference","Data - Model (cross-protection 12m)",-0.0934377255231812
"Fig S16c","Model and data low-synchrony correlation difference","Data - Model (cross-protection 12m)",-0.0588083875700492
"Fig S16c","Model and data low-synchrony correlation difference","Data - Model (cross-protection 12m)",-0.0228540167490068
"Fig S16c","Model and data low-synchrony correlation difference","Data - Model (cross-protection 12m)",-0.159872319571068
"Fig S16c","Model and data low-synchrony correlation difference","Data - Model (cross-protection 12m)",-0.208763625736202
"Fig S16c","Model and data low-synchrony correlation difference","Data - Model (cross-protection 12m)",-0.214092836493882
"Fig S16c","Model and data low-synchrony correlation difference","Data - Model (cross-protection 12m)",-0.459426884661059
"Fig S16c","Model and data low-synchrony correlation difference","Data - Model (cross-protection 12m)",0.0529653613524963
"Fig S16c","Model and data low-synchrony correlation difference","Data - Model (cross-protection 12m)",-0.360752457038902
"Fig S16c","Model and data low-synchrony correlation difference","Data - Model (cross-protection 12m)",0.044951562444618
"Fig S16c","Model and data low-synchrony correlation difference","Data - Model (cross-protection 12m)",-0.29516954165633
"Fig S16c","Model and data low-synchrony correlation difference","Data - Model (cross-protection 12m)",0.0786544803540348
"Fig S16c","Model and data low-synchrony correlation difference","Data - Model (cross-protection 12m)",-0.0121026009171774
"Fig S16c","Model and data low-synchrony correlation difference","Data - Model (cross-protection 12m)",-0.375200932010313
"Fig S16c","Model and data low-synchrony correlation difference","Data - Model (cross-protection 12m)",-0.223020253678858
"Fig S16c","Model and data low-synchrony correlation difference","Data - Model (cross-protection 12m)",-0.229396258338896
"Fig S16c","Model and data low-synchrony correlation difference","Data - Model (cross-protection 12m)",-0.36099694913938
"Fig S16c","Model and data low-synchrony correlation difference","Data - Model (cross-protection 12m)",-0.0495487573531286
"Fig S16c","Model and data low-synchrony correlation difference","Data - Model (cross-protection 12m)",-0.103929481555252
"Fig S16c","Model and data low-synchrony correlation difference","Data - Model (cross-protection 12m)",-0.165440538457136
"Fig S16c","Model and data low-synchrony correlation difference","Data - Model (cross-protection 12m)",-0.0839586426565489
"Fig S16c","Model and data low-synchrony correlation difference","Data - Model (cross-protection 12m)",-0.29595538361605
"Fig S16c","Model and data low-synchrony correlation difference","Data - Model (cross-protection 12m)",0.141193619186245
"Fig S16c","Model and data low-synchrony correlation difference","Data - Model (cross-protection 12m)",0.000984009282667647
"Fig S16c","Model and data low-synchrony correlation difference","Data - Model (cross-protection 12m)",0.209832833169143
"Fig S16c","Model and data low-synchrony correlation difference","Data - Model (cross-protection 12m)",-0.174750225197922
"Fig S16c","Model and data low-synchrony correlation difference","Data - Model (cross-protection 12m)",-0.348231451173474
"Fig S16c","Model and data low-synchrony correlation difference","Data - Model (cross-protection 12m)",-0.0664986214021866
"Fig S16c","Model and data low-synchrony correlation difference","Data - Model (cross-protection 12m)",-0.105626464012555
"Fig S16c","Model and data low-synchrony correlation difference","Data - Model (cross-protection 12m)",0.0759033445532347
"Fig S16c","Model and data low-synchrony correlation difference","Data - Model (cross-protection 12m)",-0.0176588769804192
"Fig S16c","Model and data low-synchrony correlation difference","Data - Model (cross-protection 12m)",-0.263225172470492
"Fig S16c","Model and data low-synchrony correlation difference","Data - Model (cross-protection 12m)",-0.0648510641261864
"Fig S16c","Model and data low-synchrony correlation difference","Data - Model (cross-protection 12m)",0.14703889831767
"Fig S16c","Model and data low-synchrony correlation difference","Data - Model (cross-protection 12m)",-0.136383089158014
"Fig S16c","Model and data low-synchrony correlation difference","Data - Model (cross-protection 12m)",-0.264493036818077
"Fig S16c","Model and data low-synchrony correlation difference","Data - Model (cross-protection 12m)",-0.103218549220936
"Fig S16c","Model and data low-synchrony correlation difference","Data - Model (cross-protection 12m)",-0.0980171447949079
"Fig S16c","Model and data low-synchrony correlation difference","Data - Model (cross-protection 12m)",-0.104996208051205
"Fig S16c","Model and data low-synchrony correlation difference","Data - Model (cross-protection 12m)",-0.306091473800825
"Fig S16c","Model and data low-synchrony correlation difference","Data - Model (cross-protection 12m)",-0.13360289155421
"Fig S16c","Model and data low-synchrony correlation difference","Data - Model (cross-protection 12m)",-0.142925216871733
"Fig S16c","Model and data low-synchrony correlation difference","Data - Model (cross-protection 12m)",-0.264182355157864
"Fig S16c","Model and data low-synchrony correlation difference","Data - Model (cross-protection 12m)",0.0852308078793235
"Fig S16c","Model and data low-synchrony correlation difference","Data - Model (cross-protection 12m)",-0.257310265990196
"Fig S16c","Model and data low-synchrony correlation difference","Data - Model (cross-protection 12m)",-0.109080772394547
"Fig S16c","Model and data low-synchrony correlation difference","Data - Model (cross-protection 12m)",-0.170986376093301
"Fig S16c","Model and data low-synchrony correlation difference","Data - Model (cross-protection 12m)",-0.275954986851306
"Fig S16c","Model and data low-synchrony correlation difference","Data - Model (cross-protection 12m)",-0.22694661734166
"Fig S16c","Model and data low-synchrony correlation difference","Data - Model (cross-protection 12m)",-0.156575935348156
"Fig S16c","Model and data low-synchrony correlation difference","Data - Model (cross-protection 12m)",0.0270562396199452
"Fig S16c","Model and data low-synchrony correlation difference","Data - Model (cross-protection 12m)",-0.171279747403545
"Fig S16c","Model and data low-synchrony correlation difference","Data - Model (cross-protection 12m)",-0.19615848422091
"Fig S16c","Model and data low-synchrony correlation difference","Data - Model (cross-protection 12m)",0.219386509980612
"Fig S16c","Model and data low-synchrony correlation difference","Data - Model (cross-protection 12m)",-0.106365529526381
"Fig S16c","Model and data low-synchrony correlation difference","Data - Model (cross-protection 12m)",-0.431419656375708
"Fig S16c","Model and data low-synchrony correlation difference","Data - Model (cross-protection 12m)",0.175747865847855
"Fig S16c","Model and data low-synchrony correlation difference","Data - Model (cross-protection 12m)",-0.0963539154691675
"Fig S16c","Model and data low-synchrony correlation difference","Data - Model (cross-protection 12m)",-0.171536853244894
"Fig S16c","Model and data low-synchrony correlation difference","Data - Model (cross-protection 12m)",0.0150358520867125
"Fig S16c","Model and data low-synchrony correlation difference","Data - Model (cross-protection 12m)",0.0558375158191731
"Fig S16c","Model and data low-synchrony correlation difference","Data - Model (cross-protection 12m)",-0.251560242165885
"Fig S16c","Model and data low-synchrony correlation difference","Data - Model (cross-protection 12m)",-0.215099503666295
"Fig S16c","Model and data low-synchrony correlation difference","Data - Model (cross-protection 12m)",-0.128742900802649
"Fig S16c","Model and data low-synchrony correlation difference","Data - Model (cross-protection 12m)",-0.18573846984078
"Fig S16c","Model and data low-synchrony correlation difference","Data - Model (cross-protection 12m)",0.0496519306845297
"Fig S16c","Model and data low-synchrony correlation difference","Data - Model (cross-protection 12m)",-0.0901327488244236
"Fig S16c","Model and data low-synchrony correlation difference","Data - Model (cross-protection 24m)",-0.279042417911923
"Fig S16c","Model and data low-synchrony correlation difference","Data - Model (cross-protection 24m)",-0.126846645205824
"Fig S16c","Model and data low-synchrony correlation difference","Data - Model (cross-protection 24m)",-0.565873455559878
"Fig S16c","Model and data low-synchrony correlation difference","Data - Model (cross-protection 24m)",-0.4223098557725
"Fig S16c","Model and data low-synchrony correlation difference","Data - Model (cross-protection 24m)",-0.439270067363202
"Fig S16c","Model and data low-synchrony correlation difference","Data - Model (cross-protection 24m)",-0.16053405298363
"Fig S16c","Model and data low-synchrony correlation difference","Data - Model (cross-protection 24m)",-0.0413022912962454
"Fig S16c","Model and data low-synchrony correlation difference","Data - Model (cross-protection 24m)",-0.0281436714257194
"Fig S16c","Model and data low-synchrony correlation difference","Data - Model (cross-protection 24m)",-0.213239654804672
"Fig S16c","Model and data low-synchrony correlation difference","Data - Model (cross-protection 24m)",-0.147687001550574
"Fig S16c","Model and data low-synchrony correlation difference","Data - Model (cross-protection 24m)",-0.168919146918928
"Fig S16c","Model and data low-synchrony correlation difference","Data - Model (cross-protection 24m)",-0.339142550152305
"Fig S16c","Model and data low-synchrony correlation difference","Data - Model (cross-protection 24m)",0.0329811920950869
"Fig S16c","Model and data low-synchrony correlation difference","Data - Model (cross-protection 24m)",-0.449397530973628
"Fig S16c","Model and data low-synchrony correlation difference","Data - Model (cross-protection 24m)",0.15006037388967
"Fig S16c","Model and data low-synchrony correlation difference","Data - Model (cross-protection 24m)",-0.22875996256979
"Fig S16c","Model and data low-synchrony correlation difference","Data - Model (cross-protection 24m)",-0.0174409811984828
"Fig S16c","Model and data low-synchrony correlation difference","Data - Model (cross-protection 24m)",-0.148335943712047
"Fig S16c","Model and data low-synchrony correlation difference","Data - Model (cross-protection 24m)",-0.255220042498807
"Fig S16c","Model and data low-synchrony correlation difference","Data - Model (cross-protection 24m)",-0.300390286942528
"Fig S16c","Model and data low-synchrony correlation difference","Data - Model (cross-protection 24m)",-0.229394310355326
"Fig S16c","Model and data low-synchrony correlation difference","Data - Model (cross-protection 24m)",-0.329292985173505
"Fig S16c","Model and data low-synchrony correlation difference","Data - Model (cross-protection 24m)",-0.0477163458634275
"Fig S16c","Model and data low-synchrony correlation difference","Data - Model (cross-protection 24m)",-0.102377805603413
"Fig S16c","Model and data low-synchrony correlation difference","Data - Model (cross-protection 24m)",-0.18176985350247
"Fig S16c","Model and data low-synchrony correlation difference","Data - Model (cross-protection 24m)",-0.155227249720716
"Fig S16c","Model and data low-synchrony correlation difference","Data - Model (cross-protection 24m)",-0.152782604072412
"Fig S16c","Model and data low-synchrony correlation difference","Data - Model (cross-protection 24m)",0.0410197976781593
"Fig S16c","Model and data low-synchrony correlation difference","Data - Model (cross-protection 24m)",-0.0762672811660864
"Fig S16c","Model and data low-synchrony correlation difference","Data - Model (cross-protection 24m)",-0.0270837372046624
"Fig S16c","Model and data low-synchrony correlation difference","Data - Model (cross-protection 24m)",-0.152361295378557
"Fig S16c","Model and data low-synchrony correlation difference","Data - Model (cross-protection 24m)",-0.107209708219506
"Fig S16c","Model and data low-synchrony correlation difference","Data - Model (cross-protection 24m)",-0.0796301027944065
"Fig S16c","Model and data low-synchrony correlation difference","Data - Model (cross-protection 24m)",-0.0202969643299147
"Fig S16c","Model and data low-synchrony correlation difference","Data - Model (cross-protection 24m)",0.120341376987526
"Fig S16c","Model and data low-synchrony correlation difference","Data - Model (cross-protection 24m)",-0.0021344200282269
"Fig S16c","Model and data low-synchrony correlation difference","Data - Model (cross-protection 24m)",-0.295861823151203
"Fig S16c","Model and data low-synchrony correlation difference","Data - Model (cross-protection 24m)",-0.130707698028817
"Fig S16c","Model and data low-synchrony correlation difference","Data - Model (cross-protection 24m)",0.125326311626169
"Fig S16c","Model and data low-synchrony correlation difference","Data - Model (cross-protection 24m)",-0.133629692069742
"Fig S16c","Model and data low-synchrony correlation difference","Data - Model (cross-protection 24m)",-0.225946216415869
"Fig S16c","Model and data low-synchrony correlation difference","Data - Model (cross-protection 24m)",-0.0552297253520772
"Fig S16c","Model and data low-synchrony correlation difference","Data - Model (cross-protection 24m)",-0.0167160653063479
"Fig S16c","Model and data low-synchrony correlation difference","Data - Model (cross-protection 24m)",-0.189853478661159
"Fig S16c","Model and data low-synchrony correlation difference","Data - Model (cross-protection 24m)",-0.389186945819356
"Fig S16c","Model and data low-synchrony correlation difference","Data - Model (cross-protection 24m)",-0.0823176342439289
"Fig S16c","Model and data low-synchrony correlation difference","Data - Model (cross-protection 24m)",-0.193781728826175
"Fig S16c","Model and data low-synchrony correlation difference","Data - Model (cross-protection 24m)",-0.211382107033774
"Fig S16c","Model and data low-synchrony correlation difference","Data - Model (cross-protection 24m)",0.131149477374971
"Fig S16c","Model and data low-synchrony correlation difference","Data - Model (cross-protection 24m)",-0.335944814768503
"Fig S16c","Model and data low-synchrony correlation difference","Data - Model (cross-protection 24m)",-0.0646951680075016
"Fig S16c","Model and data low-synchrony correlation difference","Data - Model (cross-protection 24m)",-0.12503591482003
"Fig S16c","Model and data low-synchrony correlation difference","Data - Model (cross-protection 24m)",-0.266505376354922
"Fig S16c","Model and data low-synchrony correlation difference","Data - Model (cross-protection 24m)",-0.211675295548034
"Fig S16c","Model and data low-synchrony correlation difference","Data - Model (cross-protection 24m)",-0.178177966467852
"Fig S16c","Model and data low-synchrony correlation difference","Data - Model (cross-protection 24m)",-0.00902506600432916
"Fig S16c","Model and data low-synchrony correlation difference","Data - Model (cross-protection 24m)",-0.279018915646807
"Fig S16c","Model and data low-synchrony correlation difference","Data - Model (cross-protection 24m)",-0.292487250006014
"Fig S16c","Model and data low-synchrony correlation difference","Data - Model (cross-protection 24m)",0.101975504380095
"Fig S16c","Model and data low-synchrony correlation difference","Data - Model (cross-protection 24m)",-0.320586608853264
"Fig S16c","Model and data low-synchrony correlation difference","Data - Model (cross-protection 24m)",-0.388902772230637
"Fig S16c","Model and data low-synchrony correlation difference","Data - Model (cross-protection 24m)",0.234870435577419
"Fig S16c","Model and data low-synchrony correlation difference","Data - Model (cross-protection 24m)",-0.115101425036954
"Fig S16c","Model and data low-synchrony correlation difference","Data - Model (cross-protection 24m)",-0.156308234057107
"Fig S16c","Model and data low-synchrony correlation difference","Data - Model (cross-protection 24m)",-0.0142045634838541
"Fig S16c","Model and data low-synchrony correlation difference","Data - Model (cross-protection 24m)",0.0365813466652483
"Fig S16c","Model and data low-synchrony correlation difference","Data - Model (cross-protection 24m)",-0.203632850478927
"Fig S16c","Model and data low-synchrony correlation difference","Data - Model (cross-protection 24m)",-0.300101758649247
"Fig S16c","Model and data low-synchrony correlation difference","Data - Model (cross-protection 24m)",-0.102443403714945
"Fig S16c","Model and data low-synchrony correlation difference","Data - Model (cross-protection 24m)",-0.191225318311599
"Fig S16c","Model and data low-synchrony correlation difference","Data - Model (cross-protection 24m)",-0.0190325601659639
"Fig S16c","Model and data low-synchrony correlation difference","Data - Model (cross-protection 24m)",-0.234882865326863
