"Fig","Variable","Source","Value"
"Fig S17a","High-synchrony correlation","Data",0.1050877868679
"Fig S17a","High-synchrony correlation","Data",0.328661352099085
"Fig S17a","High-synchrony correlation","Data",0.020155726999263
"Fig S17a","High-synchrony correlation","Data",-0.030427056317677
"Fig S17a","High-synchrony correlation","Data",0.335003768553585
"Fig S17a","High-synchrony correlation","Data",0.458104711035089
"Fig S17a","High-synchrony correlation","Data",0.49333673748574
"Fig S17a","High-synchrony correlation","Data",0.47040555120391
"Fig S17a","High-synchrony correlation","Data",0.227736783597624
"Fig S17a","High-synchrony correlation","Data",0.386151718749747
"Fig S17a","High-synchrony correlation","Data",0.247702176382103
"Fig S17a","High-synchrony correlation","Data",0.119014880701878
"Fig S17a","High-synchrony correlation","Data",0.420408663057276
"Fig S17a","High-synchrony correlation","Data",0.189825649522554
"Fig S17a","High-synchrony correlation","Data",0.667364489889061
"Fig S17a","High-synchrony correlation","Data",0.247355294463219
"Fig S17a","High-synchrony correlation","Data",0.585913932759781
"Fig S17a","High-synchrony correlation","Data",0.526064618283561
"Fig S17a","High-synchrony correlation","Data",0.267151038101651
"Fig S17a","High-synchrony correlation","Data",0.102863876492095
"Fig S17a","High-synchrony correlation","Data",0.578749860301844
"Fig S17a","High-synchrony correlation","Data",0.133947158793677
"Fig S17a","High-synchrony correlation","Data",0.0388673917638752
"Fig S17a","High-synchrony correlation","Data",0.345311758401012
"Fig S17a","High-synchrony correlation","Data",0.471625622551503
"Fig S17a","High-synchrony correlation","Data",0.45030447884279
"Fig S17a","High-synchrony correlation","Data",0.169984114861006
"Fig S17a","High-synchrony correlation","Data",0.63196075587883
"Fig S17a","High-synchrony correlation","Data",0.202036732578285
"Fig S17a","High-synchrony correlation","Data",0.53683254865114
"Fig S17a","High-synchrony correlation","Data",0.161951188624657
"Fig S17a","High-synchrony correlation","Data",0.38293796019234
"Fig S17a","High-synchrony correlation","Data",0.266876409695111
"Fig S17a","High-synchrony correlation","Data",0.372018268009382
"Fig S17a","High-synchrony correlation","Data",0.505467052163876
"Fig S17a","High-synchrony correlation","Data",0.57646734177333
"Fig S17a","High-synchrony correlation","Data",0.393210315785697
"Fig S17a","High-synchrony correlation","Data",0.278832586486613
"Fig S17a","High-synchrony correlation","Data",0.505289519748798
"Fig S17a","High-synchrony correlation","Data",0.101451383068703
"Fig S17a","High-synchrony correlation","Data",0.297691484134393
"Fig S17a","High-synchrony correlation","Data",0.29901886191913
"Fig S17a","High-synchrony correlation","Data",0.156769572969999
"Fig S17a","High-synchrony correlation","Data",0.40060204365413
"Fig S17a","High-synchrony correlation","Data",0.207350158981013
"Fig S17a","High-synchrony correlation","Data",0.398905703250081
"Fig S17a","High-synchrony correlation","Data",0.414608720867926
"Fig S17a","High-synchrony correlation","Data",0.203106109396684
"Fig S17a","High-synchrony correlation","Data",0.625941304988027
"Fig S17a","High-synchrony correlation","Data",0.119929722664057
"Fig S17a","High-synchrony correlation","Data",0.371634386117355
"Fig S17a","High-synchrony correlation","Data",0.516092096136732
"Fig S17a","High-synchrony correlation","Data",0.240882797482413
"Fig S17a","High-synchrony correlation","Data",0.179425544042109
"Fig S17a","High-synchrony correlation","Data",-0.0640302606063951
"Fig S17a","High-synchrony correlation","Data",0.340845606211285
"Fig S17a","High-synchrony correlation","Data",0.261200799589026
"Fig S17a","High-synchrony correlation","Data",0.286347027198853
"Fig S17a","High-synchrony correlation","Data",0.545442397907564
"Fig S17a","High-synchrony correlation","Data",0.117524123725025
"Fig S17a","High-synchrony correlation","Data",0.306325696133106
"Fig S17a","High-synchrony correlation","Data",0.628477865307369
"Fig S17a","High-synchrony correlation","Data",0.314032364346645
"Fig S17a","High-synchrony correlation","Data",0.266203785491732
"Fig S17a","High-synchrony correlation","Data",0.594067240004097
"Fig S17a","High-synchrony correlation","Data",0.333785227686826
"Fig S17a","High-synchrony correlation","Data",0.441451780247015
"Fig S17a","High-synchrony correlation","Data",0.423659333591045
"Fig S17a","High-synchrony correlation","Data",0.355664674538657
"Fig S17a","High-synchrony correlation","Data",0.43669057287028
"Fig S17a","High-synchrony correlation","Data",0.415581394917469
"Fig S17a","High-synchrony correlation","Data",0.383362255754431
"Fig S17a","High-synchrony correlation","Model (cross-protection 6m)",0.322021736603063
"Fig S17a","High-synchrony correlation","Model (cross-protection 6m)",0.287657060468974
"Fig S17a","High-synchrony correlation","Model (cross-protection 6m)",0.312239073598277
"Fig S17a","High-synchrony correlation","Model (cross-protection 6m)",0.170655789223444
"Fig S17a","High-synchrony correlation","Model (cross-protection 6m)",0.56180483759529
"Fig S17a","High-synchrony correlation","Model (cross-protection 6m)",0.462188376140946
"Fig S17a","High-synchrony correlation","Model (cross-protection 6m)",0.544862398375606
"Fig S17a","High-synchrony correlation","Model (cross-protection 6m)",0.287491313166325
"Fig S17a","High-synchrony correlation","Model (cross-protection 6m)",0.201771119838095
"Fig S17a","High-synchrony correlation","Model (cross-protection 6m)",0.515327464018859
"Fig S17a","High-synchrony correlation","Model (cross-protection 6m)",0.426907958306172
"Fig S17a","High-synchrony correlation","Model (cross-protection 6m)",0.459257301388617
"Fig S17a","High-synchrony correlation","Model (cross-protection 6m)",0.340990252718847
"Fig S17a","High-synchrony correlation","Model (cross-protection 6m)",0.458334246772935
"Fig S17a","High-synchrony correlation","Model (cross-protection 6m)",0.608493188161207
"Fig S17a","High-synchrony correlation","Model (cross-protection 6m)",0.355735247906214
"Fig S17a","High-synchrony correlation","Model (cross-protection 6m)",0.294485624633205
"Fig S17a","High-synchrony correlation","Model (cross-protection 6m)",0.338092432398434
"Fig S17a","High-synchrony correlation","Model (cross-protection 6m)",0.511243148084653
"Fig S17a","High-synchrony correlation","Model (cross-protection 6m)",0.291894883906322
"Fig S17a","High-synchrony correlation","Model (cross-protection 6m)",0.648188906575621
"Fig S17a","High-synchrony correlation","Model (cross-protection 6m)",0.54135369867556
"Fig S17a","High-synchrony correlation","Model (cross-protection 6m)",0.0147488695662286
"Fig S17a","High-synchrony correlation","Model (cross-protection 6m)",0.13202680556874
"Fig S17a","High-synchrony correlation","Model (cross-protection 6m)",0.557361506236436
"Fig S17a","High-synchrony correlation","Model (cross-protection 6m)",0.499604903757917
"Fig S17a","High-synchrony correlation","Model (cross-protection 6m)",0.460519046203715
"Fig S17a","High-synchrony correlation","Model (cross-protection 6m)",0.53249291356613
"Fig S17a","High-synchrony correlation","Model (cross-protection 6m)",0.160578255155777
"Fig S17a","High-synchrony correlation","Model (cross-protection 6m)",0.561418080328697
"Fig S17a","High-synchrony correlation","Model (cross-protection 6m)",0.276353550309481
"Fig S17a","High-synchrony correlation","Model (cross-protection 6m)",0.595147866438636
"Fig S17a","High-synchrony correlation","Model (cross-protection 6m)",0.253079771689108
"Fig S17a","High-synchrony correlation","Model (cross-protection 6m)",0.406347957099485
"Fig S17a","High-synchrony correlation","Model (cross-protection 6m)",0.494445968163569
"Fig S17a","High-synchrony correlation","Model (cross-protection 6m)",0.494280878428347
"Fig S17a","High-synchrony correlation","Model (cross-protection 6m)",0.37700773262514
"Fig S17a","High-synchrony correlation","Model (cross-protection 6m)",0.42336956296207
"Fig S17a","High-synchrony correlation","Model (cross-protection 6m)",0.436493165373407
"Fig S17a","High-synchrony correlation","Model (cross-protection 6m)",0.26121046966184
"Fig S17a","High-synchrony correlation","Model (cross-protection 6m)",0.508929433250841
"Fig S17a","High-synchrony correlation","Model (cross-protection 6m)",0.46116398788902
"Fig S17a","High-synchrony correlation","Model (cross-protection 6m)",0.188368703980792
"Fig S17a","High-synchrony correlation","Model (cross-protection 6m)",0.435596253891782
"Fig S17a","High-synchrony correlation","Model (cross-protection 6m)",0.489179019655899
"Fig S17a","High-synchrony correlation","Model (cross-protection 6m)",0.452060016454964
"Fig S17a","High-synchrony correlation","Model (cross-protection 6m)",0.384707199241865
"Fig S17a","High-synchrony correlation","Model (cross-protection 6m)",0.201676444201185
"Fig S17a","High-synchrony correlation","Model (cross-protection 6m)",0.480586255027714
"Fig S17a","High-synchrony correlation","Model (cross-protection 6m)",0.413416334608892
"Fig S17a","High-synchrony correlation","Model (cross-protection 6m)",0.518219058913007
"Fig S17a","High-synchrony correlation","Model (cross-protection 6m)",0.530524215031924
"Fig S17a","High-synchrony correlation","Model (cross-protection 6m)",0.425500486971221
"Fig S17a","High-synchrony correlation","Model (cross-protection 6m)",0.296632127760193
"Fig S17a","High-synchrony correlation","Model (cross-protection 6m)",0.147266537361074
"Fig S17a","High-synchrony correlation","Model (cross-protection 6m)",0.176422052175084
"Fig S17a","High-synchrony correlation","Model (cross-protection 6m)",0.430391269973115
"Fig S17a","High-synchrony correlation","Model (cross-protection 6m)",0.469660947943583
"Fig S17a","High-synchrony correlation","Model (cross-protection 6m)",0.427532112989523
"Fig S17a","High-synchrony correlation","Model (cross-protection 6m)",0.428669587166244
"Fig S17a","High-synchrony correlation","Model (cross-protection 6m)",0.535851841470808
"Fig S17a","High-synchrony correlation","Model (cross-protection 6m)",0.357020930911429
"Fig S17a","High-synchrony correlation","Model (cross-protection 6m)",0.300212876779085
"Fig S17a","High-synchrony correlation","Model (cross-protection 6m)",0.300131180550194
"Fig S17a","High-synchrony correlation","Model (cross-protection 6m)",0.458507065864344
"Fig S17a","High-synchrony correlation","Model (cross-protection 6m)",0.306585110678509
"Fig S17a","High-synchrony correlation","Model (cross-protection 6m)",0.597382632478448
"Fig S17a","High-synchrony correlation","Model (cross-protection 6m)",0.646760616758345
"Fig S17a","High-synchrony correlation","Model (cross-protection 6m)",0.426687908179176
"Fig S17a","High-synchrony correlation","Model (cross-protection 6m)",0.622186540216309
"Fig S17a","High-synchrony correlation","Model (cross-protection 6m)",0.490701478024272
"Fig S17a","High-synchrony correlation","Model (cross-protection 6m)",0.665374504911954
"Fig S17a","High-synchrony correlation","Model (cross-protection 12m)",0.283225705282581
"Fig S17a","High-synchrony correlation","Model (cross-protection 12m)",0.342197700201134
"Fig S17a","High-synchrony correlation","Model (cross-protection 12m)",0.362038276900964
"Fig S17a","High-synchrony correlation","Model (cross-protection 12m)",0.181063730118801
"Fig S17a","High-synchrony correlation","Model (cross-protection 12m)",0.522924740676092
"Fig S17a","High-synchrony correlation","Model (cross-protection 12m)",0.463051766971583
"Fig S17a","High-synchrony correlation","Model (cross-protection 12m)",0.553845903884602
"Fig S17a","High-synchrony correlation","Model (cross-protection 12m)",0.278824660093157
"Fig S17a","High-synchrony correlation","Model (cross-protection 12m)",0.252558904086693
"Fig S17a","High-synchrony correlation","Model (cross-protection 12m)",0.512157083073756
"Fig S17a","High-synchrony correlation","Model (cross-protection 12m)",0.383834156202556
"Fig S17a","High-synchrony correlation","Model (cross-protection 12m)",0.421651689865538
"Fig S17a","High-synchrony correlation","Model (cross-protection 12m)",0.298023519869506
"Fig S17a","High-synchrony correlation","Model (cross-protection 12m)",0.359101532766876
"Fig S17a","High-synchrony correlation","Model (cross-protection 12m)",0.585406248709926
"Fig S17a","High-synchrony correlation","Model (cross-protection 12m)",0.288522733976994
"Fig S17a","High-synchrony correlation","Model (cross-protection 12m)",0.34331368416742
"Fig S17a","High-synchrony correlation","Model (cross-protection 12m)",0.44289832352122
"Fig S17a","High-synchrony correlation","Model (cross-protection 12m)",0.538089141604996
"Fig S17a","High-synchrony correlation","Model (cross-protection 12m)",0.161690103799255
"Fig S17a","High-synchrony correlation","Model (cross-protection 12m)",0.648190481782905
"Fig S17a","High-synchrony correlation","Model (cross-protection 12m)",0.397087867000345
"Fig S17a","High-synchrony correlation","Model (cross-protection 12m)",-0.100958574036123
"Fig S17a","High-synchrony correlation","Model (cross-protection 12m)",0.258712563797679
"Fig S17a","High-synchrony correlation","Model (cross-protection 12m)",0.583823352977435
"Fig S17a","High-synchrony correlation","Model (cross-protection 12m)",0.367797597489018
"Fig S17a","High-synchrony correlation","Model (cross-protection 12m)",0.437056302088978
"Fig S17a","High-synchrony correlation","Model (cross-protection 12m)",0.508118692420354
"Fig S17a","High-synchrony correlation","Model (cross-protection 12m)",0.160039514074918
"Fig S17a","High-synchrony correlation","Model (cross-protection 12m)",0.472132151669939
"Fig S17a","High-synchrony correlation","Model (cross-protection 12m)",0.314775798966296
"Fig S17a","High-synchrony correlation","Model (cross-protection 12m)",0.479964839333372
"Fig S17a","High-synchrony correlation","Model (cross-protection 12m)",0.208805857802008
"Fig S17a","High-synchrony correlation","Model (cross-protection 12m)",0.43465127438431
"Fig S17a","High-synchrony correlation","Model (cross-protection 12m)",0.388607273530168
"Fig S17a","High-synchrony correlation","Model (cross-protection 12m)",0.505817938602614
"Fig S17a","High-synchrony correlation","Model (cross-protection 12m)",0.3680259091391
"Fig S17a","High-synchrony correlation","Model (cross-protection 12m)",0.34796482860345
"Fig S17a","High-synchrony correlation","Model (cross-protection 12m)",0.430001541571819
"Fig S17a","High-synchrony correlation","Model (cross-protection 12m)",0.131918515693184
"Fig S17a","High-synchrony correlation","Model (cross-protection 12m)",0.442524973581421
"Fig S17a","High-synchrony correlation","Model (cross-protection 12m)",0.49713748144012
"Fig S17a","High-synchrony correlation","Model (cross-protection 12m)",0.223427123277133
"Fig S17a","High-synchrony correlation","Model (cross-protection 12m)",0.327161842866517
"Fig S17a","High-synchrony correlation","Model (cross-protection 12m)",0.476928532168358
"Fig S17a","High-synchrony correlation","Model (cross-protection 12m)",0.453559491002135
"Fig S17a","High-synchrony correlation","Model (cross-protection 12m)",0.45682626569868
"Fig S17a","High-synchrony correlation","Model (cross-protection 12m)",0.425645012508304
"Fig S17a","High-synchrony correlation","Model (cross-protection 12m)",0.400760118236468
"Fig S17a","High-synchrony correlation","Model (cross-protection 12m)",0.350308060132435
"Fig S17a","High-synchrony correlation","Model (cross-protection 12m)",0.525899149347366
"Fig S17a","High-synchrony correlation","Model (cross-protection 12m)",0.3459225066095
"Fig S17a","High-synchrony correlation","Model (cross-protection 12m)",0.465483678231585
"Fig S17a","High-synchrony correlation","Model (cross-protection 12m)",0.293535586409097
"Fig S17a","High-synchrony correlation","Model (cross-protection 12m)",0.111840551365006
"Fig S17a","High-synchrony correlation","Model (cross-protection 12m)",0.171784931605388
"Fig S17a","High-synchrony correlation","Model (cross-protection 12m)",0.330412434064818
"Fig S17a","High-synchrony correlation","Model (cross-protection 12m)",0.468940036307499
"Fig S17a","High-synchrony correlation","Model (cross-protection 12m)",0.397228325050959
"Fig S17a","High-synchrony correlation","Model (cross-protection 12m)",0.217290077637865
"Fig S17a","High-synchrony correlation","Model (cross-protection 12m)",0.601374501217349
"Fig S17a","High-synchrony correlation","Model (cross-protection 12m)",0.468549957576923
"Fig S17a","High-synchrony correlation","Model (cross-protection 12m)",0.36472035289669
"Fig S17a","High-synchrony correlation","Model (cross-protection 12m)",0.3032778663938
"Fig S17a","High-synchrony correlation","Model (cross-protection 12m)",0.539122894784207
"Fig S17a","High-synchrony correlation","Model (cross-protection 12m)",0.182619863265459
"Fig S17a","High-synchrony correlation","Model (cross-protection 12m)",0.40522499242678
"Fig S17a","High-synchrony correlation","Model (cross-protection 12m)",0.562871591689949
"Fig S17a","High-synchrony correlation","Model (cross-protection 12m)",0.40960823859665
"Fig S17a","High-synchrony correlation","Model (cross-protection 12m)",0.620778265075333
"Fig S17a","High-synchrony correlation","Model (cross-protection 12m)",0.408991085665385
"Fig S17a","High-synchrony correlation","Model (cross-protection 12m)",0.486831539367841
"Fig S17a","High-synchrony correlation","Model (cross-protection 24m)",0.270272187754259
"Fig S17a","High-synchrony correlation","Model (cross-protection 24m)",0.281382447782213
"Fig S17a","High-synchrony correlation","Model (cross-protection 24m)",0.423030896755811
"Fig S17a","High-synchrony correlation","Model (cross-protection 24m)",0.159016268249612
"Fig S17a","High-synchrony correlation","Model (cross-protection 24m)",0.478824584536548
"Fig S17a","High-synchrony correlation","Model (cross-protection 24m)",0.460945943245095
"Fig S17a","High-synchrony correlation","Model (cross-protection 24m)",0.508801670742423
"Fig S17a","High-synchrony correlation","Model (cross-protection 24m)",0.306548437443953
"Fig S17a","High-synchrony correlation","Model (cross-protection 24m)",0.36872006134346
"Fig S17a","High-synchrony correlation","Model (cross-protection 24m)",0.446804836326597
"Fig S17a","High-synchrony correlation","Model (cross-protection 24m)",0.453151655874083
"Fig S17a","High-synchrony correlation","Model (cross-protection 24m)",0.408708834300199
"Fig S17a","High-synchrony correlation","Model (cross-protection 24m)",0.289931842100231
"Fig S17a","High-synchrony correlation","Model (cross-protection 24m)",0.456036143636028
"Fig S17a","High-synchrony correlation","Model (cross-protection 24m)",0.408794234182662
"Fig S17a","High-synchrony correlation","Model (cross-protection 24m)",0.280837763320519
"Fig S17a","High-synchrony correlation","Model (cross-protection 24m)",0.394600482784927
"Fig S17a","High-synchrony correlation","Model (cross-protection 24m)",0.579687842500008
"Fig S17a","High-synchrony correlation","Model (cross-protection 24m)",0.453218994426035
"Fig S17a","High-synchrony correlation","Model (cross-protection 24m)",0.224161879396867
"Fig S17a","High-synchrony correlation","Model (cross-protection 24m)",0.648190724873483
"Fig S17a","High-synchrony correlation","Model (cross-protection 24m)",0.467367784602366
"Fig S17a","High-synchrony correlation","Model (cross-protection 24m)",0.226185051958575
"Fig S17a","High-synchrony correlation","Model (cross-protection 24m)",0.18244070871827
"Fig S17a","High-synchrony correlation","Model (cross-protection 24m)",0.617691614994926
"Fig S17a","High-synchrony correlation","Model (cross-protection 24m)",0.389311948257725
"Fig S17a","High-synchrony correlation","Model (cross-protection 24m)",0.412577453437751
"Fig S17a","High-synchrony correlation","Model (cross-protection 24m)",0.584503472745216
"Fig S17a","High-synchrony correlation","Model (cross-protection 24m)",0.124571598077863
"Fig S17a","High-synchrony correlation","Model (cross-protection 24m)",0.583625872585506
"Fig S17a","High-synchrony correlation","Model (cross-protection 24m)",0.301258168930816
"Fig S17a","High-synchrony correlation","Model (cross-protection 24m)",0.476970639413385
"Fig S17a","High-synchrony correlation","Model (cross-protection 24m)",0.291572936199106
"Fig S17a","High-synchrony correlation","Model (cross-protection 24m)",0.3777762559588
"Fig S17a","High-synchrony correlation","Model (cross-protection 24m)",0.34742381668413
"Fig S17a","High-synchrony correlation","Model (cross-protection 24m)",0.263079960660829
"Fig S17a","High-synchrony correlation","Model (cross-protection 24m)",0.378094668731284
"Fig S17a","High-synchrony correlation","Model (cross-protection 24m)",0.496654095321064
"Fig S17a","High-synchrony correlation","Model (cross-protection 24m)",0.468341227265293
"Fig S17a","High-synchrony correlation","Model (cross-protection 24m)",0.234943915322282
"Fig S17a","High-synchrony correlation","Model (cross-protection 24m)",0.412690247552208
"Fig S17a","High-synchrony correlation","Model (cross-protection 24m)",0.492881493953698
"Fig S17a","High-synchrony correlation","Model (cross-protection 24m)",0.126109814861563
"Fig S17a","High-synchrony correlation","Model (cross-protection 24m)",0.402216261023902
"Fig S17a","High-synchrony correlation","Model (cross-protection 24m)",0.474182656362667
"Fig S17a","High-synchrony correlation","Model (cross-protection 24m)",0.426658880320839
"Fig S17a","High-synchrony correlation","Model (cross-protection 24m)",0.46178469781517
"Fig S17a","High-synchrony correlation","Model (cross-protection 24m)",0.296686999180851
"Fig S17a","High-synchrony correlation","Model (cross-protection 24m)",0.354169000826062
"Fig S17a","High-synchrony correlation","Model (cross-protection 24m)",0.329608254155481
"Fig S17a","High-synchrony correlation","Model (cross-protection 24m)",0.509853957657458
"Fig S17a","High-synchrony correlation","Model (cross-protection 24m)",0.340839923090892
"Fig S17a","High-synchrony correlation","Model (cross-protection 24m)",0.385697828668951
"Fig S17a","High-synchrony correlation","Model (cross-protection 24m)",0.220869128267887
"Fig S17a","High-synchrony correlation","Model (cross-protection 24m)",0.155954942348509
"Fig S17a","High-synchrony correlation","Model (cross-protection 24m)",0.306529425981668
"Fig S17a","High-synchrony correlation","Model (cross-protection 24m)",0.433699943085501
"Fig S17a","High-synchrony correlation","Model (cross-protection 24m)",0.459570298113673
"Fig S17a","High-synchrony correlation","Model (cross-protection 24m)",0.289998097794242
"Fig S17a","High-synchrony correlation","Model (cross-protection 24m)",0.445254219719156
"Fig S17a","High-synchrony correlation","Model (cross-protection 24m)",0.596002401188461
"Fig S17a","High-synchrony correlation","Model (cross-protection 24m)",0.384796850128781
"Fig S17a","High-synchrony correlation","Model (cross-protection 24m)",0.40841209890867
"Fig S17a","High-synchrony correlation","Model (cross-protection 24m)",0.303869168502714
"Fig S17a","High-synchrony correlation","Model (cross-protection 24m)",0.540688161773943
"Fig S17a","High-synchrony correlation","Model (cross-protection 24m)",0.244336954913217
"Fig S17a","High-synchrony correlation","Model (cross-protection 24m)",0.470846092814686
"Fig S17a","High-synchrony correlation","Model (cross-protection 24m)",0.615999318410274
"Fig S17a","High-synchrony correlation","Model (cross-protection 24m)",0.471283943956451
"Fig S17a","High-synchrony correlation","Model (cross-protection 24m)",0.586571123537511
"Fig S17a","High-synchrony correlation","Model (cross-protection 24m)",0.414422295064254
"Fig S17a","High-synchrony correlation","Model (cross-protection 24m)",0.532851417908718
"Fig S17b","Low-synchrony correlation","Data",0.0125742250566832
"Fig S17b","Low-synchrony correlation","Data",0.163342674751072
"Fig S17b","Low-synchrony correlation","Data",0.0757945753569776
"Fig S17b","Low-synchrony correlation","Data",-0.0672650706231905
"Fig S17b","Low-synchrony correlation","Data",-0.0322799149499456
"Fig S17b","Low-synchrony correlation","Data",0.101271879630728
"Fig S17b","Low-synchrony correlation","Data",0.188612708002837
"Fig S17b","Low-synchrony correlation","Data",0.261013372077398
"Fig S17b","Low-synchrony correlation","Data",0.0937349648152768
"Fig S17b","Low-synchrony correlation","Data",0.0167037793938741
"Fig S17b","Low-synchrony correlation","Data",0.221006103914701
"Fig S17b","Low-synchrony correlation","Data",-0.0477839181551018
"Fig S17b","Low-synchrony correlation","Data",0.15075508105022
"Fig S17b","Low-synchrony correlation","Data",0.12398190795719
"Fig S17b","Low-synchrony correlation","Data",0.229367976967403
"Fig S17b","Low-synchrony correlation","Data",0.0516700225974168
"Fig S17b","Low-synchrony correlation","Data",0.194781586078449
"Fig S17b","Low-synchrony correlation","Data",0.0247329582823114
"Fig S17b","Low-synchrony correlation","Data",0.0101551325106714
"Fig S17b","Low-synchrony correlation","Data",0.0467775091407007
"Fig S17b","Low-synchrony correlation","Data",0.180206331633568
"Fig S17b","Low-synchrony correlation","Data",-0.0788073153317752
"Fig S17b","Low-synchrony correlation","Data",0.0758126924626194
"Fig S17b","Low-synchrony correlation","Data",-0.0666508963960968
"Fig S17b","Low-synchrony correlation","Data",0.111274109796176
"Fig S17b","Low-synchrony correlation","Data",0.0174408697397554
"Fig S17b","Low-synchrony correlation","Data",0.100939636425603
"Fig S17b","Low-synchrony correlation","Data",0.174286038370412
"Fig S17b","Low-synchrony correlation","Data",0.127361874565772
"Fig S17b","Low-synchrony correlation","Data",0.307712573632464
"Fig S17b","Low-synchrony correlation","Data",0.0288572428899897
"Fig S17b","Low-synchrony correlation","Data",-0.0160134561398171
"Fig S17b","Low-synchrony correlation","Data",-0.10541982834915
"Fig S17b","Low-synchrony correlation","Data",0.0351497203576513
"Fig S17b","Low-synchrony correlation","Data",0.0732869957704032
"Fig S17b","Low-synchrony correlation","Data",-0.0987160592806958
"Fig S17b","Low-synchrony correlation","Data",-0.164306220854475
"Fig S17b","Low-synchrony correlation","Data",0.0391223577789203
"Fig S17b","Low-synchrony correlation","Data",0.284559262170006
"Fig S17b","Low-synchrony correlation","Data",0.148863261294535
"Fig S17b","Low-synchrony correlation","Data",-0.0715214099929331
"Fig S17b","Low-synchrony correlation","Data",0.330946078576804
"Fig S17b","Low-synchrony correlation","Data",-0.0540571272725126
"Fig S17b","Low-synchrony correlation","Data",0.0476818590534009
"Fig S17b","Low-synchrony correlation","Data",0.0395891466465363
"Fig S17b","Low-synchrony correlation","Data",-0.0840841536481393
"Fig S17b","Low-synchrony correlation","Data",-0.117445552891309
"Fig S17b","Low-synchrony correlation","Data",0.178001428835432
"Fig S17b","Low-synchrony correlation","Data",0.301303033320803
"Fig S17b","Low-synchrony correlation","Data",0.0496405710904645
"Fig S17b","Low-synchrony correlation","Data",0.227425199711334
"Fig S17b","Low-synchrony correlation","Data",0.111795906994878
"Fig S17b","Low-synchrony correlation","Data",0.138915103266797
"Fig S17b","Low-synchrony correlation","Data",0.135639039394442
"Fig S17b","Low-synchrony correlation","Data",0.00801288785870205
"Fig S17b","Low-synchrony correlation","Data",0.10702772178773
"Fig S17b","Low-synchrony correlation","Data",-0.0289412476666098
"Fig S17b","Low-synchrony correlation","Data",-0.0754554618862252
"Fig S17b","Low-synchrony correlation","Data",0.191409252007367
"Fig S17b","Low-synchrony correlation","Data",0.0522440755160923
"Fig S17b","Low-synchrony correlation","Data",-0.0449849769960001
"Fig S17b","Low-synchrony correlation","Data",0.251702350159228
"Fig S17b","Low-synchrony correlation","Data",0.191361439096096
"Fig S17b","Low-synchrony correlation","Data",-0.02135960526878
"Fig S17b","Low-synchrony correlation","Data",0.122911816144267
"Fig S17b","Low-synchrony correlation","Data",-0.158113914503564
"Fig S17b","Low-synchrony correlation","Data",0.162014645233176
"Fig S17b","Low-synchrony correlation","Data",0.295444195281183
"Fig S17b","Low-synchrony correlation","Data",0.286436930845289
"Fig S17b","Low-synchrony correlation","Data",0.12981859216827
"Fig S17b","Low-synchrony correlation","Data",0.138857690089267
"Fig S17b","Low-synchrony correlation","Data",0.311660949694334
"Fig S17b","Low-synchrony correlation","Model (cross-protection 6m)",0.1734487326543
"Fig S17b","Low-synchrony correlation","Model (cross-protection 6m)",0.285693363989089
"Fig S17b","Low-synchrony correlation","Model (cross-protection 6m)",0.435371994296442
"Fig S17b","Low-synchrony correlation","Model (cross-protection 6m)",0.228196539741006
"Fig S17b","Low-synchrony correlation","Model (cross-protection 6m)",0.410018920791613
"Fig S17b","Low-synchrony correlation","Model (cross-protection 6m)",0.116548478746418
"Fig S17b","Low-synchrony correlation","Model (cross-protection 6m)",0.193702709035132
"Fig S17b","Low-synchrony correlation","Model (cross-protection 6m)",0.403235030417575
"Fig S17b","Low-synchrony correlation","Model (cross-protection 6m)",0.224483038296965
"Fig S17b","Low-synchrony correlation","Model (cross-protection 6m)",0.206268101882737
"Fig S17b","Low-synchrony correlation","Model (cross-protection 6m)",0.524475099548531
"Fig S17b","Low-synchrony correlation","Model (cross-protection 6m)",0.319575864303312
"Fig S17b","Low-synchrony correlation","Model (cross-protection 6m)",0.166089123549827
"Fig S17b","Low-synchrony correlation","Model (cross-protection 6m)",0.541508611821088
"Fig S17b","Low-synchrony correlation","Model (cross-protection 6m)",-0.0407088757721489
"Fig S17b","Low-synchrony correlation","Model (cross-protection 6m)",0.345361282221622
"Fig S17b","Low-synchrony correlation","Model (cross-protection 6m)",0.24327930650772
"Fig S17b","Low-synchrony correlation","Model (cross-protection 6m)",0.0959971356882547
"Fig S17b","Low-synchrony correlation","Model (cross-protection 6m)",0.356350752677366
"Fig S17b","Low-synchrony correlation","Model (cross-protection 6m)",0.258064309473235
"Fig S17b","Low-synchrony correlation","Model (cross-protection 6m)",0.459596950511357
"Fig S17b","Low-synchrony correlation","Model (cross-protection 6m)",0.355765136750906
"Fig S17b","Low-synchrony correlation","Model (cross-protection 6m)",0.0921463031457541
"Fig S17b","Low-synchrony correlation","Model (cross-protection 6m)",-0.0697489833728382
"Fig S17b","Low-synchrony correlation","Model (cross-protection 6m)",0.377194854975572
"Fig S17b","Low-synchrony correlation","Model (cross-protection 6m)",0.267338673603264
"Fig S17b","Low-synchrony correlation","Model (cross-protection 6m)",0.159272360202958
"Fig S17b","Low-synchrony correlation","Model (cross-protection 6m)",-0.0232265937350394
"Fig S17b","Low-synchrony correlation","Model (cross-protection 6m)",0.283915146417465
"Fig S17b","Low-synchrony correlation","Model (cross-protection 6m)",0.33145815639931
"Fig S17b","Low-synchrony correlation","Model (cross-protection 6m)",0.256991864212809
"Fig S17b","Low-synchrony correlation","Model (cross-protection 6m)",0.118749522940151
"Fig S17b","Low-synchrony correlation","Model (cross-protection 6m)",-0.0502194807982199
"Fig S17b","Low-synchrony correlation","Model (cross-protection 6m)",0.0233495658845376
"Fig S17b","Low-synchrony correlation","Model (cross-protection 6m)",0.0490031089914222
"Fig S17b","Low-synchrony correlation","Model (cross-protection 6m)",-0.0912913036305896
"Fig S17b","Low-synchrony correlation","Model (cross-protection 6m)",0.223198892654632
"Fig S17b","Low-synchrony correlation","Model (cross-protection 6m)",0.0996657872124292
"Fig S17b","Low-synchrony correlation","Model (cross-protection 6m)",0.0823539020271552
"Fig S17b","Low-synchrony correlation","Model (cross-protection 6m)",0.262287356974021
"Fig S17b","Low-synchrony correlation","Model (cross-protection 6m)",0.260494911414047
"Fig S17b","Low-synchrony correlation","Model (cross-protection 6m)",0.364967150283551
"Fig S17b","Low-synchrony correlation","Model (cross-protection 6m)",-0.117141786081843
"Fig S17b","Low-synchrony correlation","Model (cross-protection 6m)",0.139105214412392
"Fig S17b","Low-synchrony correlation","Model (cross-protection 6m)",0.400971547136906
"Fig S17b","Low-synchrony correlation","Model (cross-protection 6m)",0.0301899344951665
"Fig S17b","Low-synchrony correlation","Model (cross-protection 6m)",0.0589529861765756
"Fig S17b","Low-synchrony correlation","Model (cross-protection 6m)",0.203670766157409
"Fig S17b","Low-synchrony correlation","Model (cross-protection 6m)",0.325629874464253
"Fig S17b","Low-synchrony correlation","Model (cross-protection 6m)",0.468643210910784
"Fig S17b","Low-synchrony correlation","Model (cross-protection 6m)",0.371786722355478
"Fig S17b","Low-synchrony correlation","Model (cross-protection 6m)",0.2760733775026
"Fig S17b","Low-synchrony correlation","Model (cross-protection 6m)",0.248525401399178
"Fig S17b","Low-synchrony correlation","Model (cross-protection 6m)",0.412654807497591
"Fig S17b","Low-synchrony correlation","Model (cross-protection 6m)",0.0240709426051913
"Fig S17b","Low-synchrony correlation","Model (cross-protection 6m)",0.00571544310688059
"Fig S17b","Low-synchrony correlation","Model (cross-protection 6m)",0.131816713113216
"Fig S17b","Low-synchrony correlation","Model (cross-protection 6m)",0.232153984679746
"Fig S17b","Low-synchrony correlation","Model (cross-protection 6m)",0.0897555562453261
"Fig S17b","Low-synchrony correlation","Model (cross-protection 6m)",0.359821707538257
"Fig S17b","Low-synchrony correlation","Model (cross-protection 6m)",0.178040145947791
"Fig S17b","Low-synchrony correlation","Model (cross-protection 6m)",0.0558505899535636
"Fig S17b","Low-synchrony correlation","Model (cross-protection 6m)",0.355095274137222
"Fig S17b","Low-synchrony correlation","Model (cross-protection 6m)",0.193587523438798
"Fig S17b","Low-synchrony correlation","Model (cross-protection 6m)",0.190788761015107
"Fig S17b","Low-synchrony correlation","Model (cross-protection 6m)",-0.126225979603355
"Fig S17b","Low-synchrony correlation","Model (cross-protection 6m)",0.391007780126695
"Fig S17b","Low-synchrony correlation","Model (cross-protection 6m)",0.584011344166688
"Fig S17b","Low-synchrony correlation","Model (cross-protection 6m)",0.290121229513611
"Fig S17b","Low-synchrony correlation","Model (cross-protection 6m)",0.295955855773357
"Fig S17b","Low-synchrony correlation","Model (cross-protection 6m)",0.11062051804787
"Fig S17b","Low-synchrony correlation","Model (cross-protection 6m)",0.549963632463259
"Fig S17b","Low-synchrony correlation","Model (cross-protection 12m)",0.137264166806964
"Fig S17b","Low-synchrony correlation","Model (cross-protection 12m)",0.24944130798207
"Fig S17b","Low-synchrony correlation","Model (cross-protection 12m)",0.39321047454868
"Fig S17b","Low-synchrony correlation","Model (cross-protection 12m)",0.291010673734573
"Fig S17b","Low-synchrony correlation","Model (cross-protection 12m)",0.393551313808211
"Fig S17b","Low-synchrony correlation","Model (cross-protection 12m)",0.163803940843718
"Fig S17b","Low-synchrony correlation","Model (cross-protection 12m)",0.204574947755691
"Fig S17b","Low-synchrony correlation","Model (cross-protection 12m)",0.389778412352074
"Fig S17b","Low-synchrony correlation","Model (cross-protection 12m)",0.22417533988718
"Fig S17b","Low-synchrony correlation","Model (cross-protection 12m)",0.130652550746879
"Fig S17b","Low-synchrony correlation","Model (cross-protection 12m)",0.418565047138188
"Fig S17b","Low-synchrony correlation","Model (cross-protection 12m)",0.30959144384966
"Fig S17b","Low-synchrony correlation","Model (cross-protection 12m)",0.107103264492468
"Fig S17b","Low-synchrony correlation","Model (cross-protection 12m)",0.483930976612501
"Fig S17b","Low-synchrony correlation","Model (cross-protection 12m)",0.120537024569135
"Fig S17b","Low-synchrony correlation","Model (cross-protection 12m)",0.291638008473862
"Fig S17b","Low-synchrony correlation","Model (cross-protection 12m)",0.174929435073428
"Fig S17b","Low-synchrony correlation","Model (cross-protection 12m)",0.0394546342916636
"Fig S17b","Low-synchrony correlation","Model (cross-protection 12m)",0.356303561381976
"Fig S17b","Low-synchrony correlation","Model (cross-protection 12m)",0.230250576860652
"Fig S17b","Low-synchrony correlation","Model (cross-protection 12m)",0.459597012924706
"Fig S17b","Low-synchrony correlation","Model (cross-protection 12m)",0.297153827794539
"Fig S17b","Low-synchrony correlation","Model (cross-protection 12m)",0.163209628397504
"Fig S17b","Low-synchrony correlation","Model (cross-protection 12m)",0.0852192934116804
"Fig S17b","Low-synchrony correlation","Model (cross-protection 12m)",0.232603235339557
"Fig S17b","Low-synchrony correlation","Model (cross-protection 12m)",0.167946584677197
"Fig S17b","Low-synchrony correlation","Model (cross-protection 12m)",0.219673356291544
"Fig S17b","Low-synchrony correlation","Model (cross-protection 12m)",0.0764148511530796
"Fig S17b","Low-synchrony correlation","Model (cross-protection 12m)",0.14858014480182
"Fig S17b","Low-synchrony correlation","Model (cross-protection 12m)",0.0643265314254932
"Fig S17b","Low-synchrony correlation","Model (cross-protection 12m)",0.146200634504509
"Fig S17b","Low-synchrony correlation","Model (cross-protection 12m)",0.276014976007141
"Fig S17b","Low-synchrony correlation","Model (cross-protection 12m)",-0.118236885343241
"Fig S17b","Low-synchrony correlation","Model (cross-protection 12m)",0.1187678359873
"Fig S17b","Low-synchrony correlation","Model (cross-protection 12m)",-0.0388749973244966
"Fig S17b","Low-synchrony correlation","Model (cross-protection 12m)",0.0116157180382607
"Fig S17b","Low-synchrony correlation","Model (cross-protection 12m)",0.206271986167515
"Fig S17b","Low-synchrony correlation","Model (cross-protection 12m)",0.100707654896659
"Fig S17b","Low-synchrony correlation","Model (cross-protection 12m)",0.0953597928186164
"Fig S17b","Low-synchrony correlation","Model (cross-protection 12m)",0.312097196412431
"Fig S17b","Low-synchrony correlation","Model (cross-protection 12m)",0.293330966272603
"Fig S17b","Low-synchrony correlation","Model (cross-protection 12m)",0.30592637806966
"Fig S17b","Low-synchrony correlation","Model (cross-protection 12m)",-0.0765534034388162
"Fig S17b","Low-synchrony correlation","Model (cross-protection 12m)",0.236228306525797
"Fig S17b","Low-synchrony correlation","Model (cross-protection 12m)",0.267368266813714
"Fig S17b","Low-synchrony correlation","Model (cross-protection 12m)",0.0113054042695435
"Fig S17b","Low-synchrony correlation","Model (cross-protection 12m)",0.0949936493375217
"Fig S17b","Low-synchrony correlation","Model (cross-protection 12m)",0.301842715962213
"Fig S17b","Low-synchrony correlation","Model (cross-protection 12m)",0.241321584539454
"Fig S17b","Low-synchrony correlation","Model (cross-protection 12m)",0.313637901377229
"Fig S17b","Low-synchrony correlation","Model (cross-protection 12m)",0.308794147140634
"Fig S17b","Low-synchrony correlation","Model (cross-protection 12m)",0.273311829585269
"Fig S17b","Low-synchrony correlation","Model (cross-protection 12m)",0.343750441022621
"Fig S17b","Low-synchrony correlation","Model (cross-protection 12m)",0.374018927871425
"Fig S17b","Low-synchrony correlation","Model (cross-protection 12m)",0.0715010971246356
"Fig S17b","Low-synchrony correlation","Model (cross-protection 12m)",0.0757424559971033
"Fig S17b","Low-synchrony correlation","Model (cross-protection 12m)",0.0449266370149546
"Fig S17b","Low-synchrony correlation","Model (cross-protection 12m)",0.107534762450427
"Fig S17b","Low-synchrony correlation","Model (cross-protection 12m)",-0.0025285376947394
"Fig S17b","Low-synchrony correlation","Model (cross-protection 12m)",0.155024299363613
"Fig S17b","Low-synchrony correlation","Model (cross-protection 12m)",0.298511861939631
"Fig S17b","Low-synchrony correlation","Model (cross-protection 12m)",0.0989912293037285
"Fig S17b","Low-synchrony correlation","Model (cross-protection 12m)",0.350825909029027
"Fig S17b","Low-synchrony correlation","Model (cross-protection 12m)",0.186896737782446
"Fig S17b","Low-synchrony correlation","Model (cross-protection 12m)",0.175117161140348
"Fig S17b","Low-synchrony correlation","Model (cross-protection 12m)",-0.190457483894434
"Fig S17b","Low-synchrony correlation","Model (cross-protection 12m)",0.385787906313272
"Fig S17b","Low-synchrony correlation","Model (cross-protection 12m)",0.496801684999384
"Fig S17b","Low-synchrony correlation","Model (cross-protection 12m)",0.298923577600043
"Fig S17b","Low-synchrony correlation","Model (cross-protection 12m)",0.315861005619373
"Fig S17b","Low-synchrony correlation","Model (cross-protection 12m)",0.0832092089684803
"Fig S17b","Low-synchrony correlation","Model (cross-protection 12m)",0.389847629858494
"Fig S17b","Low-synchrony correlation","Model (cross-protection 24m)",0.216960707260323
"Fig S17b","Low-synchrony correlation","Model (cross-protection 24m)",0.319856558090339
"Fig S17b","Low-synchrony correlation","Model (cross-protection 24m)",0.579971635470111
"Fig S17b","Low-synchrony correlation","Model (cross-protection 24m)",0.283343599747708
"Fig S17b","Low-synchrony correlation","Model (cross-protection 24m)",0.455877525927219
"Fig S17b","Low-synchrony correlation","Model (cross-protection 24m)",0.243031895860771
"Fig S17b","Low-synchrony correlation","Model (cross-protection 24m)",0.214682490004189
"Fig S17b","Low-synchrony correlation","Model (cross-protection 24m)",0.398280626602583
"Fig S17b","Low-synchrony correlation","Model (cross-protection 24m)",0.197349074073146
"Fig S17b","Low-synchrony correlation","Model (cross-protection 24m)",0.0855605272990145
"Fig S17b","Low-synchrony correlation","Model (cross-protection 24m)",0.389687378153193
"Fig S17b","Low-synchrony correlation","Model (cross-protection 24m)",0.23442114713611
"Fig S17b","Low-synchrony correlation","Model (cross-protection 24m)",0.130696991523777
"Fig S17b","Low-synchrony correlation","Model (cross-protection 24m)",0.578084056686641
"Fig S17b","Low-synchrony correlation","Model (cross-protection 24m)",0.0711101187329138
"Fig S17b","Low-synchrony correlation","Model (cross-protection 24m)",0.217835750736718
"Fig S17b","Low-synchrony correlation","Model (cross-protection 24m)",0.304448060222945
"Fig S17b","Low-synchrony correlation","Model (cross-protection 24m)",0.203067425391201
"Fig S17b","Low-synchrony correlation","Model (cross-protection 24m)",0.255706589693499
"Fig S17b","Low-synchrony correlation","Model (cross-protection 24m)",0.293503342539359
"Fig S17b","Low-synchrony correlation","Model (cross-protection 24m)",0.459591902664203
"Fig S17b","Low-synchrony correlation","Model (cross-protection 24m)",0.263993842326799
"Fig S17b","Low-synchrony correlation","Model (cross-protection 24m)",0.0649930422464023
"Fig S17b","Low-synchrony correlation","Model (cross-protection 24m)",0.101857633251982
"Fig S17b","Low-synchrony correlation","Model (cross-protection 24m)",0.2585963868664
"Fig S17b","Low-synchrony correlation","Model (cross-protection 24m)",0.272924994280691
"Fig S17b","Low-synchrony correlation","Model (cross-protection 24m)",0.107897775923182
"Fig S17b","Low-synchrony correlation","Model (cross-protection 24m)",0.180936228967568
"Fig S17b","Low-synchrony correlation","Model (cross-protection 24m)",0.2932181939353
"Fig S17b","Low-synchrony correlation","Model (cross-protection 24m)",0.307726077569369
"Fig S17b","Low-synchrony correlation","Model (cross-protection 24m)",0.175478283548466
"Fig S17b","Low-synchrony correlation","Model (cross-protection 24m)",0.0616241490057988
"Fig S17b","Low-synchrony correlation","Model (cross-protection 24m)",-0.100851917357027
"Fig S17b","Low-synchrony correlation","Model (cross-protection 24m)",0.0163690958304343
"Fig S17b","Low-synchrony correlation","Model (cross-protection 24m)",-0.0725255311987718
"Fig S17b","Low-synchrony correlation","Model (cross-protection 24m)",0.0127657347814599
"Fig S17b","Low-synchrony correlation","Model (cross-protection 24m)",0.240705499257668
"Fig S17b","Low-synchrony correlation","Model (cross-protection 24m)",0.134655740910026
"Fig S17b","Low-synchrony correlation","Model (cross-protection 24m)",0.1406194146517
"Fig S17b","Low-synchrony correlation","Model (cross-protection 24m)",0.257481541140513
"Fig S17b","Low-synchrony correlation","Model (cross-protection 24m)",0.254481645045005
"Fig S17b","Low-synchrony correlation","Model (cross-protection 24m)",0.240591728251947
"Fig S17b","Low-synchrony correlation","Model (cross-protection 24m)",-0.100798888641603
"Fig S17b","Low-synchrony correlation","Model (cross-protection 24m)",0.313769281445088
"Fig S17b","Low-synchrony correlation","Model (cross-protection 24m)",0.380862647593282
"Fig S17b","Low-synchrony correlation","Model (cross-protection 24m)",-0.0164056565335376
"Fig S17b","Low-synchrony correlation","Model (cross-protection 24m)",0.113052919820174
"Fig S17b","Low-synchrony correlation","Model (cross-protection 24m)",0.282856827904488
"Fig S17b","Low-synchrony correlation","Model (cross-protection 24m)",0.207480666772945
"Fig S17b","Low-synchrony correlation","Model (cross-protection 24m)",0.359227668195121
"Fig S17b","Low-synchrony correlation","Model (cross-protection 24m)",0.268526400484553
"Fig S17b","Low-synchrony correlation","Model (cross-protection 24m)",0.251184856007275
"Fig S17b","Low-synchrony correlation","Model (cross-protection 24m)",0.284702849404445
"Fig S17b","Low-synchrony correlation","Model (cross-protection 24m)",0.373113217199466
"Fig S17b","Low-synchrony correlation","Model (cross-protection 24m)",0.10649134630861
"Fig S17b","Low-synchrony correlation","Model (cross-protection 24m)",0.117234944939342
"Fig S17b","Low-synchrony correlation","Model (cross-protection 24m)",0.104460253272908
"Fig S17b","Low-synchrony correlation","Model (cross-protection 24m)",0.25564981649442
"Fig S17b","Low-synchrony correlation","Model (cross-protection 24m)",0.143497195777787
"Fig S17b","Low-synchrony correlation","Model (cross-protection 24m)",0.245956126839631
"Fig S17b","Low-synchrony correlation","Model (cross-protection 24m)",0.232423646879712
"Fig S17b","Low-synchrony correlation","Model (cross-protection 24m)",0.0216356303303082
"Fig S17b","Low-synchrony correlation","Model (cross-protection 24m)",0.369767855919227
"Fig S17b","Low-synchrony correlation","Model (cross-protection 24m)",0.166027159868572
"Fig S17b","Low-synchrony correlation","Model (cross-protection 24m)",0.259927083315492
"Fig S17b","Low-synchrony correlation","Model (cross-protection 24m)",-0.186060537026535
"Fig S17b","Low-synchrony correlation","Model (cross-protection 24m)",0.330131778030146
"Fig S17b","Low-synchrony correlation","Model (cross-protection 24m)",0.614155582495043
"Fig S17b","Low-synchrony correlation","Model (cross-protection 24m)",0.234030065268878
"Fig S17b","Low-synchrony correlation","Model (cross-protection 24m)",0.321666461391636
"Fig S17b","Low-synchrony correlation","Model (cross-protection 24m)",0.165873488041385
"Fig S17b","Low-synchrony correlation","Model (cross-protection 24m)",0.45342153173477
"Fig S17c","Model and data low-synchrony correlation difference","Data - Model (cross-protection 6m)",-0.160874507597617
"Fig S17c","Model and data low-synchrony correlation difference","Data - Model (cross-protection 6m)",-0.122350689238017
"Fig S17c","Model and data low-synchrony correlation difference","Data - Model (cross-protection 6m)",-0.359577418939464
"Fig S17c","Model and data low-synchrony correlation difference","Data - Model (cross-protection 6m)",-0.295461610364197
"Fig S17c","Model and data low-synchrony correlation difference","Data - Model (cross-protection 6m)",-0.442298835741558
"Fig S17c","Model and data low-synchrony correlation difference","Data - Model (cross-protection 6m)",-0.0152765991156895
"Fig S17c","Model and data low-synchrony correlation difference","Data - Model (cross-protection 6m)",-0.00509000103229487
"Fig S17c","Model and data low-synchrony correlation difference","Data - Model (cross-protection 6m)",-0.142221658340177
"Fig S17c","Model and data low-synchrony correlation difference","Data - Model (cross-protection 6m)",-0.130748073481688
"Fig S17c","Model and data low-synchrony correlation difference","Data - Model (cross-protection 6m)",-0.189564322488862
"Fig S17c","Model and data low-synchrony correlation difference","Data - Model (cross-protection 6m)",-0.30346899563383
"Fig S17c","Model and data low-synchrony correlation difference","Data - Model (cross-protection 6m)",-0.367359782458414
"Fig S17c","Model and data low-synchrony correlation difference","Data - Model (cross-protection 6m)",-0.0153340424996076
"Fig S17c","Model and data low-synchrony correlation difference","Data - Model (cross-protection 6m)",-0.417526703863898
"Fig S17c","Model and data low-synchrony correlation difference","Data - Model (cross-protection 6m)",0.270076852739552
"Fig S17c","Model and data low-synchrony correlation difference","Data - Model (cross-protection 6m)",-0.293691259624205
"Fig S17c","Model and data low-synchrony correlation difference","Data - Model (cross-protection 6m)",-0.0484977204292711
"Fig S17c","Model and data low-synchrony correlation difference","Data - Model (cross-protection 6m)",-0.0712641774059432
"Fig S17c","Model and data low-synchrony correlation difference","Data - Model (cross-protection 6m)",-0.346195620166695
"Fig S17c","Model and data low-synchrony correlation difference","Data - Model (cross-protection 6m)",-0.211286800332535
"Fig S17c","Model and data low-synchrony correlation difference","Data - Model (cross-protection 6m)",-0.279390618877789
"Fig S17c","Model and data low-synchrony correlation difference","Data - Model (cross-protection 6m)",-0.434572452082681
"Fig S17c","Model and data low-synchrony correlation difference","Data - Model (cross-protection 6m)",-0.0163336106831347
"Fig S17c","Model and data low-synchrony correlation difference","Data - Model (cross-protection 6m)",0.00309808697674144
"Fig S17c","Model and data low-synchrony correlation difference","Data - Model (cross-protection 6m)",-0.265920745179397
"Fig S17c","Model and data low-synchrony correlation difference","Data - Model (cross-protection 6m)",-0.249897803863509
"Fig S17c","Model and data low-synchrony correlation difference","Data - Model (cross-protection 6m)",-0.0583327237773549
"Fig S17c","Model and data low-synchrony correlation difference","Data - Model (cross-protection 6m)",0.197512632105452
"Fig S17c","Model and data low-synchrony correlation difference","Data - Model (cross-protection 6m)",-0.156553271851692
"Fig S17c","Model and data low-synchrony correlation difference","Data - Model (cross-protection 6m)",-0.023745582766846
"Fig S17c","Model and data low-synchrony correlation difference","Data - Model (cross-protection 6m)",-0.22813462132282
"Fig S17c","Model and data low-synchrony correlation difference","Data - Model (cross-protection 6m)",-0.134762979079968
"Fig S17c","Model and data low-synchrony correlation difference","Data - Model (cross-protection 6m)",-0.0552003475509296
"Fig S17c","Model and data low-synchrony correlation difference","Data - Model (cross-protection 6m)",0.0118001544731136
"Fig S17c","Model and data low-synchrony correlation difference","Data - Model (cross-protection 6m)",0.024283886778981
"Fig S17c","Model and data low-synchrony correlation difference","Data - Model (cross-protection 6m)",-0.00742475565010614
"Fig S17c","Model and data low-synchrony correlation difference","Data - Model (cross-protection 6m)",-0.387505113509107
"Fig S17c","Model and data low-synchrony correlation difference","Data - Model (cross-protection 6m)",-0.0605434294335089
"Fig S17c","Model and data low-synchrony correlation difference","Data - Model (cross-protection 6m)",0.202205360142851
"Fig S17c","Model and data low-synchrony correlation difference","Data - Model (cross-protection 6m)",-0.113424095679486
"Fig S17c","Model and data low-synchrony correlation difference","Data - Model (cross-protection 6m)",-0.33201632140698
"Fig S17c","Model and data low-synchrony correlation difference","Data - Model (cross-protection 6m)",-0.0340210717067465
"Fig S17c","Model and data low-synchrony correlation difference","Data - Model (cross-protection 6m)",0.0630846588093305
"Fig S17c","Model and data low-synchrony correlation difference","Data - Model (cross-protection 6m)",-0.0914233553589913
"Fig S17c","Model and data low-synchrony correlation difference","Data - Model (cross-protection 6m)",-0.36138240049037
"Fig S17c","Model and data low-synchrony correlation difference","Data - Model (cross-protection 6m)",-0.114274088143306
"Fig S17c","Model and data low-synchrony correlation difference","Data - Model (cross-protection 6m)",-0.176398539067885
"Fig S17c","Model and data low-synchrony correlation difference","Data - Model (cross-protection 6m)",-0.0256693373219766
"Fig S17c","Model and data low-synchrony correlation difference","Data - Model (cross-protection 6m)",-0.0243268411434498
"Fig S17c","Model and data low-synchrony correlation difference","Data - Model (cross-protection 6m)",-0.419002639820319
"Fig S17c","Model and data low-synchrony correlation difference","Data - Model (cross-protection 6m)",-0.144361522644144
"Fig S17c","Model and data low-synchrony correlation difference","Data - Model (cross-protection 6m)",-0.164277470507722
"Fig S17c","Model and data low-synchrony correlation difference","Data - Model (cross-protection 6m)",-0.109610298132382
"Fig S17c","Model and data low-synchrony correlation difference","Data - Model (cross-protection 6m)",-0.277015768103149
"Fig S17c","Model and data low-synchrony correlation difference","Data - Model (cross-protection 6m)",-0.0160580547464893
"Fig S17c","Model and data low-synchrony correlation difference","Data - Model (cross-protection 6m)",0.10131227868085
"Fig S17c","Model and data low-synchrony correlation difference","Data - Model (cross-protection 6m)",-0.160757960779826
"Fig S17c","Model and data low-synchrony correlation difference","Data - Model (cross-protection 6m)",-0.307609446565971
"Fig S17c","Model and data low-synchrony correlation difference","Data - Model (cross-protection 6m)",0.101653695762041
"Fig S17c","Model and data low-synchrony correlation difference","Data - Model (cross-protection 6m)",-0.307577632022164
"Fig S17c","Model and data low-synchrony correlation difference","Data - Model (cross-protection 6m)",-0.223025122943791
"Fig S17c","Model and data low-synchrony correlation difference","Data - Model (cross-protection 6m)",0.195851760205665
"Fig S17c","Model and data low-synchrony correlation difference","Data - Model (cross-protection 6m)",-0.163733835041126
"Fig S17c","Model and data low-synchrony correlation difference","Data - Model (cross-protection 6m)",-0.214947128707578
"Fig S17c","Model and data low-synchrony correlation difference","Data - Model (cross-protection 6m)",-0.0678769448708397
"Fig S17c","Model and data low-synchrony correlation difference","Data - Model (cross-protection 6m)",-0.0318879349002091
"Fig S17c","Model and data low-synchrony correlation difference","Data - Model (cross-protection 6m)",-0.228993134893519
"Fig S17c","Model and data low-synchrony correlation difference","Data - Model (cross-protection 6m)",-0.288567148885504
"Fig S17c","Model and data low-synchrony correlation difference","Data - Model (cross-protection 6m)",-0.00368429866832104
"Fig S17c","Model and data low-synchrony correlation difference","Data - Model (cross-protection 6m)",-0.166137263605087
"Fig S17c","Model and data low-synchrony correlation difference","Data - Model (cross-protection 6m)",0.0282371720413973
"Fig S17c","Model and data low-synchrony correlation difference","Data - Model (cross-protection 6m)",-0.238302682768925
"Fig S17c","Model and data low-synchrony correlation difference","Data - Model (cross-protection 12m)",-0.124689941750281
"Fig S17c","Model and data low-synchrony correlation difference","Data - Model (cross-protection 12m)",-0.0860986332309982
"Fig S17c","Model and data low-synchrony correlation difference","Data - Model (cross-protection 12m)",-0.317415899191703
"Fig S17c","Model and data low-synchrony correlation difference","Data - Model (cross-protection 12m)",-0.358275744357764
"Fig S17c","Model and data low-synchrony correlation difference","Data - Model (cross-protection 12m)",-0.425831228758156
"Fig S17c","Model and data low-synchrony correlation difference","Data - Model (cross-protection 12m)",-0.0625320612129902
"Fig S17c","Model and data low-synchrony correlation difference","Data - Model (cross-protection 12m)",-0.0159622397528537
"Fig S17c","Model and data low-synchrony correlation difference","Data - Model (cross-protection 12m)",-0.128765040274676
"Fig S17c","Model and data low-synchrony correlation difference","Data - Model (cross-protection 12m)",-0.130440375071903
"Fig S17c","Model and data low-synchrony correlation difference","Data - Model (cross-protection 12m)",-0.113948771353005
"Fig S17c","Model and data low-synchrony correlation difference","Data - Model (cross-protection 12m)",-0.197558943223487
"Fig S17c","Model and data low-synchrony correlation difference","Data - Model (cross-protection 12m)",-0.357375362004762
"Fig S17c","Model and data low-synchrony correlation difference","Data - Model (cross-protection 12m)",0.0436518165577519
"Fig S17c","Model and data low-synchrony correlation difference","Data - Model (cross-protection 12m)",-0.359949068655311
"Fig S17c","Model and data low-synchrony correlation difference","Data - Model (cross-protection 12m)",0.108830952398268
"Fig S17c","Model and data low-synchrony correlation difference","Data - Model (cross-protection 12m)",-0.239967985876445
"Fig S17c","Model and data low-synchrony correlation difference","Data - Model (cross-protection 12m)",0.0198521510050216
"Fig S17c","Model and data low-synchrony correlation difference","Data - Model (cross-protection 12m)",-0.0147216760093522
"Fig S17c","Model and data low-synchrony correlation difference","Data - Model (cross-protection 12m)",-0.346148428871304
"Fig S17c","Model and data low-synchrony correlation difference","Data - Model (cross-protection 12m)",-0.183473067719951
"Fig S17c","Model and data low-synchrony correlation difference","Data - Model (cross-protection 12m)",-0.279390681291138
"Fig S17c","Model and data low-synchrony correlation difference","Data - Model (cross-protection 12m)",-0.375961143126315
"Fig S17c","Model and data low-synchrony correlation difference","Data - Model (cross-protection 12m)",-0.0873969359348846
"Fig S17c","Model and data low-synchrony correlation difference","Data - Model (cross-protection 12m)",-0.151870189807777
"Fig S17c","Model and data low-synchrony correlation difference","Data - Model (cross-protection 12m)",-0.121329125543382
"Fig S17c","Model and data low-synchrony correlation difference","Data - Model (cross-protection 12m)",-0.150505714937442
"Fig S17c","Model and data low-synchrony correlation difference","Data - Model (cross-protection 12m)",-0.118733719865941
"Fig S17c","Model and data low-synchrony correlation difference","Data - Model (cross-protection 12m)",0.0978711872173325
"Fig S17c","Model and data low-synchrony correlation difference","Data - Model (cross-protection 12m)",-0.0212182702360474
"Fig S17c","Model and data low-synchrony correlation difference","Data - Model (cross-protection 12m)",0.243386042206971
"Fig S17c","Model and data low-synchrony correlation difference","Data - Model (cross-protection 12m)",-0.117343391614519
"Fig S17c","Model and data low-synchrony correlation difference","Data - Model (cross-protection 12m)",-0.292028432146958
"Fig S17c","Model and data low-synchrony correlation difference","Data - Model (cross-protection 12m)",0.0128170569940913
"Fig S17c","Model and data low-synchrony correlation difference","Data - Model (cross-protection 12m)",-0.0836181156296485
"Fig S17c","Model and data low-synchrony correlation difference","Data - Model (cross-protection 12m)",0.1121619930949
"Fig S17c","Model and data low-synchrony correlation difference","Data - Model (cross-protection 12m)",-0.110331777318956
"Fig S17c","Model and data low-synchrony correlation difference","Data - Model (cross-protection 12m)",-0.37057820702199
"Fig S17c","Model and data low-synchrony correlation difference","Data - Model (cross-protection 12m)",-0.0615852971177392
"Fig S17c","Model and data low-synchrony correlation difference","Data - Model (cross-protection 12m)",0.189199469351389
"Fig S17c","Model and data low-synchrony correlation difference","Data - Model (cross-protection 12m)",-0.163233935117896
"Fig S17c","Model and data low-synchrony correlation difference","Data - Model (cross-protection 12m)",-0.364852376265537
"Fig S17c","Model and data low-synchrony correlation difference","Data - Model (cross-protection 12m)",0.0250197005071441
"Fig S17c","Model and data low-synchrony correlation difference","Data - Model (cross-protection 12m)",0.0224962761663035
"Fig S17c","Model and data low-synchrony correlation difference","Data - Model (cross-protection 12m)",-0.188546447472396
"Fig S17c","Model and data low-synchrony correlation difference","Data - Model (cross-protection 12m)",-0.227779120167177
"Fig S17c","Model and data low-synchrony correlation difference","Data - Model (cross-protection 12m)",-0.0953895579176828
"Fig S17c","Model and data low-synchrony correlation difference","Data - Model (cross-protection 12m)",-0.212439202228831
"Fig S17c","Model and data low-synchrony correlation difference","Data - Model (cross-protection 12m)",-0.123841287126781
"Fig S17c","Model and data low-synchrony correlation difference","Data - Model (cross-protection 12m)",0.0599814487813496
"Fig S17c","Model and data low-synchrony correlation difference","Data - Model (cross-protection 12m)",-0.263997330286764
"Fig S17c","Model and data low-synchrony correlation difference","Data - Model (cross-protection 12m)",-0.0813689474292992
"Fig S17c","Model and data low-synchrony correlation difference","Data - Model (cross-protection 12m)",-0.161515922590391
"Fig S17c","Model and data low-synchrony correlation difference","Data - Model (cross-protection 12m)",-0.204835337755824
"Fig S17c","Model and data low-synchrony correlation difference","Data - Model (cross-protection 12m)",-0.238379888476983
"Fig S17c","Model and data low-synchrony correlation difference","Data - Model (cross-protection 12m)",-0.0634882092659336
"Fig S17c","Model and data low-synchrony correlation difference","Data - Model (cross-protection 12m)",0.031285265790627
"Fig S17c","Model and data low-synchrony correlation difference","Data - Model (cross-protection 12m)",-0.0738678846815644
"Fig S17c","Model and data low-synchrony correlation difference","Data - Model (cross-protection 12m)",-0.182990224336652
"Fig S17c","Model and data low-synchrony correlation difference","Data - Model (cross-protection 12m)",0.193937789702107
"Fig S17c","Model and data low-synchrony correlation difference","Data - Model (cross-protection 12m)",-0.102780223847521
"Fig S17c","Model and data low-synchrony correlation difference","Data - Model (cross-protection 12m)",-0.343496838935631
"Fig S17c","Model and data low-synchrony correlation difference","Data - Model (cross-protection 12m)",0.1527111208555
"Fig S17c","Model and data low-synchrony correlation difference","Data - Model (cross-protection 12m)",-0.159464469932931
"Fig S17c","Model and data low-synchrony correlation difference","Data - Model (cross-protection 12m)",-0.208256343051226
"Fig S17c","Model and data low-synchrony correlation difference","Data - Model (cross-protection 12m)",-0.0522053449960806
"Fig S17c","Model and data low-synchrony correlation difference","Data - Model (cross-protection 12m)",0.0323435693908701
"Fig S17c","Model and data low-synchrony correlation difference","Data - Model (cross-protection 12m)",-0.223773261080095
"Fig S17c","Model and data low-synchrony correlation difference","Data - Model (cross-protection 12m)",-0.201357489718201
"Fig S17c","Model and data low-synchrony correlation difference","Data - Model (cross-protection 12m)",-0.0124866467547531
"Fig S17c","Model and data low-synchrony correlation difference","Data - Model (cross-protection 12m)",-0.186042413451103
"Fig S17c","Model and data low-synchrony correlation difference","Data - Model (cross-protection 12m)",0.0556484811207865
"Fig S17c","Model and data low-synchrony correlation difference","Data - Model (cross-protection 12m)",-0.0781866801641604
"Fig S17c","Model and data low-synchrony correlation difference","Data - Model (cross-protection 24m)",-0.20438648220364
"Fig S17c","Model and data low-synchrony correlation difference","Data - Model (cross-protection 24m)",-0.156513883339267
"Fig S17c","Model and data low-synchrony correlation difference","Data - Model (cross-protection 24m)",-0.504177060113134
"Fig S17c","Model and data low-synchrony correlation difference","Data - Model (cross-protection 24m)",-0.350608670370898
"Fig S17c","Model and data low-synchrony correlation difference","Data - Model (cross-protection 24m)",-0.488157440877165
"Fig S17c","Model and data low-synchrony correlation difference","Data - Model (cross-protection 24m)",-0.141760016230043
"Fig S17c","Model and data low-synchrony correlation difference","Data - Model (cross-protection 24m)",-0.0260697820013514
"Fig S17c","Model and data low-synchrony correlation difference","Data - Model (cross-protection 24m)",-0.137267254525185
"Fig S17c","Model and data low-synchrony correlation difference","Data - Model (cross-protection 24m)",-0.103614109257869
"Fig S17c","Model and data low-synchrony correlation difference","Data - Model (cross-protection 24m)",-0.0688567479051405
"Fig S17c","Model and data low-synchrony correlation difference","Data - Model (cross-protection 24m)",-0.168681274238492
"Fig S17c","Model and data low-synchrony correlation difference","Data - Model (cross-protection 24m)",-0.282205065291212
"Fig S17c","Model and data low-synchrony correlation difference","Data - Model (cross-protection 24m)",0.0200580895264422
"Fig S17c","Model and data low-synchrony correlation difference","Data - Model (cross-protection 24m)",-0.454102148729451
"Fig S17c","Model and data low-synchrony correlation difference","Data - Model (cross-protection 24m)",0.158257858234489
"Fig S17c","Model and data low-synchrony correlation difference","Data - Model (cross-protection 24m)",-0.166165728139302
"Fig S17c","Model and data low-synchrony correlation difference","Data - Model (cross-protection 24m)",-0.109666474144496
"Fig S17c","Model and data low-synchrony correlation difference","Data - Model (cross-protection 24m)",-0.178334467108889
"Fig S17c","Model and data low-synchrony correlation difference","Data - Model (cross-protection 24m)",-0.245551457182827
"Fig S17c","Model and data low-synchrony correlation difference","Data - Model (cross-protection 24m)",-0.246725833398658
"Fig S17c","Model and data low-synchrony correlation difference","Data - Model (cross-protection 24m)",-0.279385571030635
"Fig S17c","Model and data low-synchrony correlation difference","Data - Model (cross-protection 24m)",-0.342801157658575
"Fig S17c","Model and data low-synchrony correlation difference","Data - Model (cross-protection 24m)",0.0108196502162171
"Fig S17c","Model and data low-synchrony correlation difference","Data - Model (cross-protection 24m)",-0.168508529648079
"Fig S17c","Model and data low-synchrony correlation difference","Data - Model (cross-protection 24m)",-0.147322277070224
"Fig S17c","Model and data low-synchrony correlation difference","Data - Model (cross-protection 24m)",-0.255484124540936
"Fig S17c","Model and data low-synchrony correlation difference","Data - Model (cross-protection 24m)",-0.00695813949757926
"Fig S17c","Model and data low-synchrony correlation difference","Data - Model (cross-protection 24m)",-0.00665019059715538
"Fig S17c","Model and data low-synchrony correlation difference","Data - Model (cross-protection 24m)",-0.165856319369528
"Fig S17c","Model and data low-synchrony correlation difference","Data - Model (cross-protection 24m)",-1.35039369049683e-05
"Fig S17c","Model and data low-synchrony correlation difference","Data - Model (cross-protection 24m)",-0.146621040658477
"Fig S17c","Model and data low-synchrony correlation difference","Data - Model (cross-protection 24m)",-0.0776376051456159
"Fig S17c","Model and data low-synchrony correlation difference","Data - Model (cross-protection 24m)",-0.00456791099212277
"Fig S17c","Model and data low-synchrony correlation difference","Data - Model (cross-protection 24m)",0.0187806245272169
"Fig S17c","Model and data low-synchrony correlation difference","Data - Model (cross-protection 24m)",0.145812526969175
"Fig S17c","Model and data low-synchrony correlation difference","Data - Model (cross-protection 24m)",-0.111481794062156
"Fig S17c","Model and data low-synchrony correlation difference","Data - Model (cross-protection 24m)",-0.405011720112144
"Fig S17c","Model and data low-synchrony correlation difference","Data - Model (cross-protection 24m)",-0.0955333831311057
"Fig S17c","Model and data low-synchrony correlation difference","Data - Model (cross-protection 24m)",0.143939847518306
"Fig S17c","Model and data low-synchrony correlation difference","Data - Model (cross-protection 24m)",-0.108618279845978
"Fig S17c","Model and data low-synchrony correlation difference","Data - Model (cross-protection 24m)",-0.326003055037938
"Fig S17c","Model and data low-synchrony correlation difference","Data - Model (cross-protection 24m)",0.0903543503248572
"Fig S17c","Model and data low-synchrony correlation difference","Data - Model (cross-protection 24m)",0.0467417613690908
"Fig S17c","Model and data low-synchrony correlation difference","Data - Model (cross-protection 24m)",-0.266087422391687
"Fig S17c","Model and data low-synchrony correlation difference","Data - Model (cross-protection 24m)",-0.341273500946746
"Fig S17c","Model and data low-synchrony correlation difference","Data - Model (cross-protection 24m)",-0.0676784971146017
"Fig S17c","Model and data low-synchrony correlation difference","Data - Model (cross-protection 24m)",-0.230498472711484
"Fig S17c","Model and data low-synchrony correlation difference","Data - Model (cross-protection 24m)",-0.104855399069056
"Fig S17c","Model and data low-synchrony correlation difference","Data - Model (cross-protection 24m)",0.0938223665478582
"Fig S17c","Model and data low-synchrony correlation difference","Data - Model (cross-protection 24m)",-0.309587097104656
"Fig S17c","Model and data low-synchrony correlation difference","Data - Model (cross-protection 24m)",-0.0411012007732189
"Fig S17c","Model and data low-synchrony correlation difference","Data - Model (cross-protection 24m)",-0.139388949012398
"Fig S17c","Model and data low-synchrony correlation difference","Data - Model (cross-protection 24m)",-0.145787746137648
"Fig S17c","Model and data low-synchrony correlation difference","Data - Model (cross-protection 24m)",-0.237474177805024
"Fig S17c","Model and data low-synchrony correlation difference","Data - Model (cross-protection 24m)",-0.0984784584499077
"Fig S17c","Model and data low-synchrony correlation difference","Data - Model (cross-protection 24m)",-0.0102072231516117
"Fig S17c","Model and data low-synchrony correlation difference","Data - Model (cross-protection 24m)",-0.133401500939517
"Fig S17c","Model and data low-synchrony correlation difference","Data - Model (cross-protection 24m)",-0.331105278380645
"Fig S17c","Model and data low-synchrony correlation difference","Data - Model (cross-protection 24m)",0.0479120562295807
"Fig S17c","Model and data low-synchrony correlation difference","Data - Model (cross-protection 24m)",-0.193712051323539
"Fig S17c","Model and data low-synchrony correlation difference","Data - Model (cross-protection 24m)",-0.277408623875712
"Fig S17c","Model and data low-synchrony correlation difference","Data - Model (cross-protection 24m)",0.23006671982892
"Fig S17c","Model and data low-synchrony correlation difference","Data - Model (cross-protection 24m)",-0.178406416823131
"Fig S17c","Model and data low-synchrony correlation difference","Data - Model (cross-protection 24m)",-0.187386765137352
"Fig S17c","Model and data low-synchrony correlation difference","Data - Model (cross-protection 24m)",-0.137015267171225
"Fig S17c","Model and data low-synchrony correlation difference","Data - Model (cross-protection 24m)",0.0279466225229709
"Fig S17c","Model and data low-synchrony correlation difference","Data - Model (cross-protection 24m)",-0.168117132796969
"Fig S17c","Model and data low-synchrony correlation difference","Data - Model (cross-protection 24m)",-0.318711387213859
"Fig S17c","Model and data low-synchrony correlation difference","Data - Model (cross-protection 24m)",0.0524068655764111
"Fig S17c","Model and data low-synchrony correlation difference","Data - Model (cross-protection 24m)",-0.191847869223366
"Fig S17c","Model and data low-synchrony correlation difference","Data - Model (cross-protection 24m)",-0.0270157979521178
"Fig S17c","Model and data low-synchrony correlation difference","Data - Model (cross-protection 24m)",-0.141760582040436
