"Fig","Variable","Source","Value"
"Fig S18a","High-synchrony correlation","Data",0.690087284037169
"Fig S18a","High-synchrony correlation","Data",0.292327379959079
"Fig S18a","High-synchrony correlation","Data",-0.423011763175457
"Fig S18a","High-synchrony correlation","Data",-0.160825186920427
"Fig S18a","High-synchrony correlation","Data",0.542444862478592
"Fig S18a","High-synchrony correlation","Data",0.77114425077313
"Fig S18a","High-synchrony correlation","Data",0.624269358377793
"Fig S18a","High-synchrony correlation","Data",0.11187000276233
"Fig S18a","High-synchrony correlation","Data",0.553853152026465
"Fig S18a","High-synchrony correlation","Data",0.786601790479658
"Fig S18a","High-synchrony correlation","Data",0.467016563956565
"Fig S18a","High-synchrony correlation","Data",0.0937124728440884
"Fig S18a","High-synchrony correlation","Data",0.472334253951976
"Fig S18a","High-synchrony correlation","Data",0.335720588623945
"Fig S18a","High-synchrony correlation","Data",0.750936360807016
"Fig S18a","High-synchrony correlation","Data",-0.153849632297098
"Fig S18a","High-synchrony correlation","Data",0.671775771620305
"Fig S18a","High-synchrony correlation","Data",0.831756925847244
"Fig S18a","High-synchrony correlation","Data",0.57295592004654
"Fig S18a","High-synchrony correlation","Data",0.174122739035498
"Fig S18a","High-synchrony correlation","Data",0.878628381625585
"Fig S18a","High-synchrony correlation","Data",0.435383273086391
"Fig S18a","High-synchrony correlation","Data",-0.376470758024156
"Fig S18a","High-synchrony correlation","Data",0.503759000459335
"Fig S18a","High-synchrony correlation","Data",0.65661269365995
"Fig S18a","High-synchrony correlation","Data",0.576114688100428
"Fig S18a","High-synchrony correlation","Data",0.157466800698973
"Fig S18a","High-synchrony correlation","Data",0.851601733727006
"Fig S18a","High-synchrony correlation","Data",-0.428080436755292
"Fig S18a","High-synchrony correlation","Data",0.676403738484556
"Fig S18a","High-synchrony correlation","Data",0.233860984198513
"Fig S18a","High-synchrony correlation","Data",0.521526762977389
"Fig S18a","High-synchrony correlation","Data",0.40764693587007
"Fig S18a","High-synchrony correlation","Data",0.653016260631907
"Fig S18a","High-synchrony correlation","Data",0.791663815069779
"Fig S18a","High-synchrony correlation","Data",0.869436557524451
"Fig S18a","High-synchrony correlation","Data",0.475823965064524
"Fig S18a","High-synchrony correlation","Data",-0.131153444592662
"Fig S18a","High-synchrony correlation","Data",0.463185826259517
"Fig S18a","High-synchrony correlation","Data",-0.142572658704821
"Fig S18a","High-synchrony correlation","Data",0.299354389831009
"Fig S18a","High-synchrony correlation","Data",0.486848429440757
"Fig S18a","High-synchrony correlation","Data",0.0360374594973615
"Fig S18a","High-synchrony correlation","Data",0.565973825005918
"Fig S18a","High-synchrony correlation","Data",0.260597636141434
"Fig S18a","High-synchrony correlation","Data",0.68178795032457
"Fig S18a","High-synchrony correlation","Data",0.593625357002368
"Fig S18a","High-synchrony correlation","Data",0.480595306155259
"Fig S18a","High-synchrony correlation","Data",0.483716774625373
"Fig S18a","High-synchrony correlation","Data",-0.00754299056876184
"Fig S18a","High-synchrony correlation","Data",0.655263537878881
"Fig S18a","High-synchrony correlation","Data",0.745927839408185
"Fig S18a","High-synchrony correlation","Data",0.375102613330692
"Fig S18a","High-synchrony correlation","Data",-0.114309422225182
"Fig S18a","High-synchrony correlation","Data",-0.255535813273239
"Fig S18a","High-synchrony correlation","Data",0.69722457900741
"Fig S18a","High-synchrony correlation","Data",0.710849934149236
"Fig S18a","High-synchrony correlation","Data",0.315479849319254
"Fig S18a","High-synchrony correlation","Data",0.829440429459323
"Fig S18a","High-synchrony correlation","Data",0.0799074826130419
"Fig S18a","High-synchrony correlation","Data",0.900139260714918
"Fig S18a","High-synchrony correlation","Data",0.590877512670135
"Fig S18a","High-synchrony correlation","Data",0.33759303176869
"Fig S18a","High-synchrony correlation","Data",-0.116107460335254
"Fig S18a","High-synchrony correlation","Data",0.861390783866938
"Fig S18a","High-synchrony correlation","Data",0.599783008041896
"Fig S18a","High-synchrony correlation","Data",0.566527542881115
"Fig S18a","High-synchrony correlation","Data",0.615546384261094
"Fig S18a","High-synchrony correlation","Data",0.0464022552286161
"Fig S18a","High-synchrony correlation","Data",0.681634820615184
"Fig S18a","High-synchrony correlation","Data",0.753482064590771
"Fig S18a","High-synchrony correlation","Data",0.573306280921497
"Fig S18a","High-synchrony correlation","Model (cross-protection 6m)",0.660810938473306
"Fig S18a","High-synchrony correlation","Model (cross-protection 6m)",0.215035443919535
"Fig S18a","High-synchrony correlation","Model (cross-protection 6m)",-0.208326835706467
"Fig S18a","High-synchrony correlation","Model (cross-protection 6m)",-0.273552913517583
"Fig S18a","High-synchrony correlation","Model (cross-protection 6m)",0.821475813624857
"Fig S18a","High-synchrony correlation","Model (cross-protection 6m)",0.482259256469308
"Fig S18a","High-synchrony correlation","Model (cross-protection 6m)",0.746599186748995
"Fig S18a","High-synchrony correlation","Model (cross-protection 6m)",0.0955508016040727
"Fig S18a","High-synchrony correlation","Model (cross-protection 6m)",0.288841081594731
"Fig S18a","High-synchrony correlation","Model (cross-protection 6m)",0.517910305865633
"Fig S18a","High-synchrony correlation","Model (cross-protection 6m)",0.806060287528094
"Fig S18a","High-synchrony correlation","Model (cross-protection 6m)",0.0841539595307209
"Fig S18a","High-synchrony correlation","Model (cross-protection 6m)",0.043945878149104
"Fig S18a","High-synchrony correlation","Model (cross-protection 6m)",0.63976023899769
"Fig S18a","High-synchrony correlation","Model (cross-protection 6m)",0.313283264621047
"Fig S18a","High-synchrony correlation","Model (cross-protection 6m)",-0.137066859218406
"Fig S18a","High-synchrony correlation","Model (cross-protection 6m)",0.611733023414685
"Fig S18a","High-synchrony correlation","Model (cross-protection 6m)",0.83310335764788
"Fig S18a","High-synchrony correlation","Model (cross-protection 6m)",0.82883341035957
"Fig S18a","High-synchrony correlation","Model (cross-protection 6m)",0.124263221893969
"Fig S18a","High-synchrony correlation","Model (cross-protection 6m)",0.87098271533065
"Fig S18a","High-synchrony correlation","Model (cross-protection 6m)",0.863454096225112
"Fig S18a","High-synchrony correlation","Model (cross-protection 6m)",-0.455561298537458
"Fig S18a","High-synchrony correlation","Model (cross-protection 6m)",0.332311203843519
"Fig S18a","High-synchrony correlation","Model (cross-protection 6m)",0.630418672230513
"Fig S18a","High-synchrony correlation","Model (cross-protection 6m)",0.884325698087828
"Fig S18a","High-synchrony correlation","Model (cross-protection 6m)",0.347209422995226
"Fig S18a","High-synchrony correlation","Model (cross-protection 6m)",0.649529123065175
"Fig S18a","High-synchrony correlation","Model (cross-protection 6m)",-0.316385148070889
"Fig S18a","High-synchrony correlation","Model (cross-protection 6m)",0.915014446968181
"Fig S18a","High-synchrony correlation","Model (cross-protection 6m)",0.208712389468548
"Fig S18a","High-synchrony correlation","Model (cross-protection 6m)",0.658724247057945
"Fig S18a","High-synchrony correlation","Model (cross-protection 6m)",0.0844009455073908
"Fig S18a","High-synchrony correlation","Model (cross-protection 6m)",0.934570321237309
"Fig S18a","High-synchrony correlation","Model (cross-protection 6m)",0.52755349477295
"Fig S18a","High-synchrony correlation","Model (cross-protection 6m)",0.686044828039469
"Fig S18a","High-synchrony correlation","Model (cross-protection 6m)",0.308945108637484
"Fig S18a","High-synchrony correlation","Model (cross-protection 6m)",0.152892210949809
"Fig S18a","High-synchrony correlation","Model (cross-protection 6m)",0.0281821562607789
"Fig S18a","High-synchrony correlation","Model (cross-protection 6m)",0.00297228886284639
"Fig S18a","High-synchrony correlation","Model (cross-protection 6m)",0.505980739196315
"Fig S18a","High-synchrony correlation","Model (cross-protection 6m)",0.462953795001519
"Fig S18a","High-synchrony correlation","Model (cross-protection 6m)",-0.197464694442979
"Fig S18a","High-synchrony correlation","Model (cross-protection 6m)",0.395251175996908
"Fig S18a","High-synchrony correlation","Model (cross-protection 6m)",0.480133782299917
"Fig S18a","High-synchrony correlation","Model (cross-protection 6m)",0.352772935271702
"Fig S18a","High-synchrony correlation","Model (cross-protection 6m)",0.229328568408461
"Fig S18a","High-synchrony correlation","Model (cross-protection 6m)",0.00967950889122501
"Fig S18a","High-synchrony correlation","Model (cross-protection 6m)",-0.016515842948175
"Fig S18a","High-synchrony correlation","Model (cross-protection 6m)",0.281329589880314
"Fig S18a","High-synchrony correlation","Model (cross-protection 6m)",0.821590917527054
"Fig S18a","High-synchrony correlation","Model (cross-protection 6m)",0.842872647607299
"Fig S18a","High-synchrony correlation","Model (cross-protection 6m)",0.404566144846765
"Fig S18a","High-synchrony correlation","Model (cross-protection 6m)",-0.0902008127212398
"Fig S18a","High-synchrony correlation","Model (cross-protection 6m)",-0.112402025003675
"Fig S18a","High-synchrony correlation","Model (cross-protection 6m)",0.129297769950271
"Fig S18a","High-synchrony correlation","Model (cross-protection 6m)",0.738945519388861
"Fig S18a","High-synchrony correlation","Model (cross-protection 6m)",0.779009722851197
"Fig S18a","High-synchrony correlation","Model (cross-protection 6m)",0.661547002443324
"Fig S18a","High-synchrony correlation","Model (cross-protection 6m)",0.155473329784096
"Fig S18a","High-synchrony correlation","Model (cross-protection 6m)",0.741533755408475
"Fig S18a","High-synchrony correlation","Model (cross-protection 6m)",0.101545276619215
"Fig S18a","High-synchrony correlation","Model (cross-protection 6m)",0.746116575363279
"Fig S18a","High-synchrony correlation","Model (cross-protection 6m)",-0.435073273121289
"Fig S18a","High-synchrony correlation","Model (cross-protection 6m)",0.575777905632649
"Fig S18a","High-synchrony correlation","Model (cross-protection 6m)",0.344885477706917
"Fig S18a","High-synchrony correlation","Model (cross-protection 6m)",0.79027747586641
"Fig S18a","High-synchrony correlation","Model (cross-protection 6m)",0.868685100751552
"Fig S18a","High-synchrony correlation","Model (cross-protection 6m)",0.13166776977429
"Fig S18a","High-synchrony correlation","Model (cross-protection 6m)",0.896335111020459
"Fig S18a","High-synchrony correlation","Model (cross-protection 6m)",0.87400488960975
"Fig S18a","High-synchrony correlation","Model (cross-protection 6m)",0.817033631798101
"Fig S18a","High-synchrony correlation","Model (cross-protection 12m)",0.403641472833918
"Fig S18a","High-synchrony correlation","Model (cross-protection 12m)",0.76253273695633
"Fig S18a","High-synchrony correlation","Model (cross-protection 12m)",-0.202238888772857
"Fig S18a","High-synchrony correlation","Model (cross-protection 12m)",-0.286021221310691
"Fig S18a","High-synchrony correlation","Model (cross-protection 12m)",0.601468260093461
"Fig S18a","High-synchrony correlation","Model (cross-protection 12m)",0.37571373027429
"Fig S18a","High-synchrony correlation","Model (cross-protection 12m)",0.749628129729001
"Fig S18a","High-synchrony correlation","Model (cross-protection 12m)",0.0570499849344444
"Fig S18a","High-synchrony correlation","Model (cross-protection 12m)",0.272430769325529
"Fig S18a","High-synchrony correlation","Model (cross-protection 12m)",0.595442302626121
"Fig S18a","High-synchrony correlation","Model (cross-protection 12m)",0.75874544046785
"Fig S18a","High-synchrony correlation","Model (cross-protection 12m)",-0.0263607277099404
"Fig S18a","High-synchrony correlation","Model (cross-protection 12m)",0.0501125937004928
"Fig S18a","High-synchrony correlation","Model (cross-protection 12m)",0.189217408659544
"Fig S18a","High-synchrony correlation","Model (cross-protection 12m)",0.267974173438928
"Fig S18a","High-synchrony correlation","Model (cross-protection 12m)",-0.307354128904676
"Fig S18a","High-synchrony correlation","Model (cross-protection 12m)",0.543403732600592
"Fig S18a","High-synchrony correlation","Model (cross-protection 12m)",0.805856584981131
"Fig S18a","High-synchrony correlation","Model (cross-protection 12m)",0.775580391224033
"Fig S18a","High-synchrony correlation","Model (cross-protection 12m)",-0.132872279550466
"Fig S18a","High-synchrony correlation","Model (cross-protection 12m)",0.870984109268332
"Fig S18a","High-synchrony correlation","Model (cross-protection 12m)",0.821303692922207
"Fig S18a","High-synchrony correlation","Model (cross-protection 12m)",-0.70746176456664
"Fig S18a","High-synchrony correlation","Model (cross-protection 12m)",0.0919367243948756
"Fig S18a","High-synchrony correlation","Model (cross-protection 12m)",0.661564834514743
"Fig S18a","High-synchrony correlation","Model (cross-protection 12m)",0.750660768139641
"Fig S18a","High-synchrony correlation","Model (cross-protection 12m)",0.0877769564477501
"Fig S18a","High-synchrony correlation","Model (cross-protection 12m)",0.571072857613289
"Fig S18a","High-synchrony correlation","Model (cross-protection 12m)",-0.342652277296542
"Fig S18a","High-synchrony correlation","Model (cross-protection 12m)",0.851999850187196
"Fig S18a","High-synchrony correlation","Model (cross-protection 12m)",0.147901863007381
"Fig S18a","High-synchrony correlation","Model (cross-protection 12m)",0.506295281821695
"Fig S18a","High-synchrony correlation","Model (cross-protection 12m)",0.34073283061724
"Fig S18a","High-synchrony correlation","Model (cross-protection 12m)",0.931166380745625
"Fig S18a","High-synchrony correlation","Model (cross-protection 12m)",0.505066321830214
"Fig S18a","High-synchrony correlation","Model (cross-protection 12m)",0.708043655210073
"Fig S18a","High-synchrony correlation","Model (cross-protection 12m)",0.299807242458804
"Fig S18a","High-synchrony correlation","Model (cross-protection 12m)",0.037866804409775
"Fig S18a","High-synchrony correlation","Model (cross-protection 12m)",-0.151130045926342
"Fig S18a","High-synchrony correlation","Model (cross-protection 12m)",0.0447590559561214
"Fig S18a","High-synchrony correlation","Model (cross-protection 12m)",0.466091267682902
"Fig S18a","High-synchrony correlation","Model (cross-protection 12m)",0.805552449150771
"Fig S18a","High-synchrony correlation","Model (cross-protection 12m)",-0.0922529023387859
"Fig S18a","High-synchrony correlation","Model (cross-protection 12m)",0.406841558875174
"Fig S18a","High-synchrony correlation","Model (cross-protection 12m)",0.404288823344142
"Fig S18a","High-synchrony correlation","Model (cross-protection 12m)",0.489134308773337
"Fig S18a","High-synchrony correlation","Model (cross-protection 12m)",0.165149272677211
"Fig S18a","High-synchrony correlation","Model (cross-protection 12m)",0.0835138426121048
"Fig S18a","High-synchrony correlation","Model (cross-protection 12m)",0.133432565751088
"Fig S18a","High-synchrony correlation","Model (cross-protection 12m)",0.486517209504063
"Fig S18a","High-synchrony correlation","Model (cross-protection 12m)",0.836293523695149
"Fig S18a","High-synchrony correlation","Model (cross-protection 12m)",0.44679523194142
"Fig S18a","High-synchrony correlation","Model (cross-protection 12m)",0.574625309997976
"Fig S18a","High-synchrony correlation","Model (cross-protection 12m)",-0.0444302898540526
"Fig S18a","High-synchrony correlation","Model (cross-protection 12m)",-0.267747084245727
"Fig S18a","High-synchrony correlation","Model (cross-protection 12m)",0.121711196796226
"Fig S18a","High-synchrony correlation","Model (cross-protection 12m)",0.642844546323048
"Fig S18a","High-synchrony correlation","Model (cross-protection 12m)",0.761526774924027
"Fig S18a","High-synchrony correlation","Model (cross-protection 12m)",0.589599344279376
"Fig S18a","High-synchrony correlation","Model (cross-protection 12m)",0.0427154370682359
"Fig S18a","High-synchrony correlation","Model (cross-protection 12m)",0.585309086236994
"Fig S18a","High-synchrony correlation","Model (cross-protection 12m)",0.30467769499126
"Fig S18a","High-synchrony correlation","Model (cross-protection 12m)",0.778019971525848
"Fig S18a","High-synchrony correlation","Model (cross-protection 12m)",-0.346546120295468
"Fig S18a","High-synchrony correlation","Model (cross-protection 12m)",0.45648030275171
"Fig S18a","High-synchrony correlation","Model (cross-protection 12m)",0.104861066709881
"Fig S18a","High-synchrony correlation","Model (cross-protection 12m)",0.390288006411957
"Fig S18a","High-synchrony correlation","Model (cross-protection 12m)",0.885074402727356
"Fig S18a","High-synchrony correlation","Model (cross-protection 12m)",0.0891800961009378
"Fig S18a","High-synchrony correlation","Model (cross-protection 12m)",0.866761163433708
"Fig S18a","High-synchrony correlation","Model (cross-protection 12m)",0.846580425753001
"Fig S18a","High-synchrony correlation","Model (cross-protection 12m)",0.932888664071216
"Fig S18a","High-synchrony correlation","Model (cross-protection 24m)",0.329333806079113
"Fig S18a","High-synchrony correlation","Model (cross-protection 24m)",0.425185850615481
"Fig S18a","High-synchrony correlation","Model (cross-protection 24m)",-0.174957479912747
"Fig S18a","High-synchrony correlation","Model (cross-protection 24m)",-0.203899197932689
"Fig S18a","High-synchrony correlation","Model (cross-protection 24m)",0.831840707524185
"Fig S18a","High-synchrony correlation","Model (cross-protection 24m)",0.463740533404502
"Fig S18a","High-synchrony correlation","Model (cross-protection 24m)",0.619187455120008
"Fig S18a","High-synchrony correlation","Model (cross-protection 24m)",0.0732384516788975
"Fig S18a","High-synchrony correlation","Model (cross-protection 24m)",0.294378137085793
"Fig S18a","High-synchrony correlation","Model (cross-protection 24m)",0.517224366856656
"Fig S18a","High-synchrony correlation","Model (cross-protection 24m)",0.840883494986019
"Fig S18a","High-synchrony correlation","Model (cross-protection 24m)",-0.0742114064713577
"Fig S18a","High-synchrony correlation","Model (cross-protection 24m)",0.0993534173305802
"Fig S18a","High-synchrony correlation","Model (cross-protection 24m)",0.606593235633912
"Fig S18a","High-synchrony correlation","Model (cross-protection 24m)",0.315149540680948
"Fig S18a","High-synchrony correlation","Model (cross-protection 24m)",-0.423939470319912
"Fig S18a","High-synchrony correlation","Model (cross-protection 24m)",0.564523877909513
"Fig S18a","High-synchrony correlation","Model (cross-protection 24m)",0.74066851547342
"Fig S18a","High-synchrony correlation","Model (cross-protection 24m)",0.801724334818
"Fig S18a","High-synchrony correlation","Model (cross-protection 24m)",-0.155239519627581
"Fig S18a","High-synchrony correlation","Model (cross-protection 24m)",0.870982656454287
"Fig S18a","High-synchrony correlation","Model (cross-protection 24m)",0.693701661748387
"Fig S18a","High-synchrony correlation","Model (cross-protection 24m)",-0.191921711289456
"Fig S18a","High-synchrony correlation","Model (cross-protection 24m)",0.0549141818190302
"Fig S18a","High-synchrony correlation","Model (cross-protection 24m)",0.901265106651209
"Fig S18a","High-synchrony correlation","Model (cross-protection 24m)",0.884729894358753
"Fig S18a","High-synchrony correlation","Model (cross-protection 24m)",0.251428086033437
"Fig S18a","High-synchrony correlation","Model (cross-protection 24m)",0.606846257355847
"Fig S18a","High-synchrony correlation","Model (cross-protection 24m)",-0.380993945892899
"Fig S18a","High-synchrony correlation","Model (cross-protection 24m)",0.926575724971131
"Fig S18a","High-synchrony correlation","Model (cross-protection 24m)",0.109677975780103
"Fig S18a","High-synchrony correlation","Model (cross-protection 24m)",0.39489786836609
"Fig S18a","High-synchrony correlation","Model (cross-protection 24m)",0.160494268832199
"Fig S18a","High-synchrony correlation","Model (cross-protection 24m)",0.867904418412913
"Fig S18a","High-synchrony correlation","Model (cross-protection 24m)",0.73624737356185
"Fig S18a","High-synchrony correlation","Model (cross-protection 24m)",0.593643179159056
"Fig S18a","High-synchrony correlation","Model (cross-protection 24m)",0.106857196975834
"Fig S18a","High-synchrony correlation","Model (cross-protection 24m)",0.2006719618093
"Fig S18a","High-synchrony correlation","Model (cross-protection 24m)",0.357483820496906
"Fig S18a","High-synchrony correlation","Model (cross-protection 24m)",-0.0400452078177171
"Fig S18a","High-synchrony correlation","Model (cross-protection 24m)",0.516425996638605
"Fig S18a","High-synchrony correlation","Model (cross-protection 24m)",0.855120407481327
"Fig S18a","High-synchrony correlation","Model (cross-protection 24m)",-0.0899559366237249
"Fig S18a","High-synchrony correlation","Model (cross-protection 24m)",0.423487967686733
"Fig S18a","High-synchrony correlation","Model (cross-protection 24m)",0.275847341184012
"Fig S18a","High-synchrony correlation","Model (cross-protection 24m)",0.324995851572669
"Fig S18a","High-synchrony correlation","Model (cross-protection 24m)",0.156782646096698
"Fig S18a","High-synchrony correlation","Model (cross-protection 24m)",-0.182344919741792
"Fig S18a","High-synchrony correlation","Model (cross-protection 24m)",-0.060208321146732
"Fig S18a","High-synchrony correlation","Model (cross-protection 24m)",0.120727321723624
"Fig S18a","High-synchrony correlation","Model (cross-protection 24m)",0.809327914427933
"Fig S18a","High-synchrony correlation","Model (cross-protection 24m)",0.500986337842725
"Fig S18a","High-synchrony correlation","Model (cross-protection 24m)",0.429646555484697
"Fig S18a","High-synchrony correlation","Model (cross-protection 24m)",-0.159223231580832
"Fig S18a","High-synchrony correlation","Model (cross-protection 24m)",-0.109107195143139
"Fig S18a","High-synchrony correlation","Model (cross-protection 24m)",0.319187737506224
"Fig S18a","High-synchrony correlation","Model (cross-protection 24m)",0.397821211753625
"Fig S18a","High-synchrony correlation","Model (cross-protection 24m)",0.738586079435957
"Fig S18a","High-synchrony correlation","Model (cross-protection 24m)",0.53799186074304
"Fig S18a","High-synchrony correlation","Model (cross-protection 24m)",0.0290739691427218
"Fig S18a","High-synchrony correlation","Model (cross-protection 24m)",0.487951772610682
"Fig S18a","High-synchrony correlation","Model (cross-protection 24m)",0.140289027568008
"Fig S18a","High-synchrony correlation","Model (cross-protection 24m)",0.753976044867588
"Fig S18a","High-synchrony correlation","Model (cross-protection 24m)",-0.38480727173174
"Fig S18a","High-synchrony correlation","Model (cross-protection 24m)",0.493346519402789
"Fig S18a","High-synchrony correlation","Model (cross-protection 24m)",0.458581085936967
"Fig S18a","High-synchrony correlation","Model (cross-protection 24m)",0.522482433946311
"Fig S18a","High-synchrony correlation","Model (cross-protection 24m)",0.937003448028728
"Fig S18a","High-synchrony correlation","Model (cross-protection 24m)",0.176673050598502
"Fig S18a","High-synchrony correlation","Model (cross-protection 24m)",0.853903224108944
"Fig S18a","High-synchrony correlation","Model (cross-protection 24m)",0.81715683432155
"Fig S18a","High-synchrony correlation","Model (cross-protection 24m)",0.506452359429926
"Fig S18b","Low-synchrony correlation","Data",-0.0166250131146407
"Fig S18b","Low-synchrony correlation","Data",0.169480678085323
"Fig S18b","Low-synchrony correlation","Data",0.0382141448254403
"Fig S18b","Low-synchrony correlation","Data",-0.108534323503929
"Fig S18b","Low-synchrony correlation","Data",0.0775118676959768
"Fig S18b","Low-synchrony correlation","Data",0.220073653895162
"Fig S18b","Low-synchrony correlation","Data",0.268010055067348
"Fig S18b","Low-synchrony correlation","Data",0.366345053595511
"Fig S18b","Low-synchrony correlation","Data",0.0961309263482359
"Fig S18b","Low-synchrony correlation","Data",0.055343085746025
"Fig S18b","Low-synchrony correlation","Data",0.170125958051838
"Fig S18b","Low-synchrony correlation","Data",-0.031943313891666
"Fig S18b","Low-synchrony correlation","Data",0.225597644546061
"Fig S18b","Low-synchrony correlation","Data",0.0870533276824745
"Fig S18b","Low-synchrony correlation","Data",0.38045048496705
"Fig S18b","Low-synchrony correlation","Data",0.137669624710389
"Fig S18b","Low-synchrony correlation","Data",0.350218162614646
"Fig S18b","Low-synchrony correlation","Data",0.211486365263042
"Fig S18b","Low-synchrony correlation","Data",0.0682938399689853
"Fig S18b","Low-synchrony correlation","Data",0.00973661992557174
"Fig S18b","Low-synchrony correlation","Data",0.326005263638124
"Fig S18b","Low-synchrony correlation","Data",-0.0358257819808497
"Fig S18b","Low-synchrony correlation","Data",0.0297047791094511
"Fig S18b","Low-synchrony correlation","Data",0.113508547300719
"Fig S18b","Low-synchrony correlation","Data",0.218073399193017
"Fig S18b","Low-synchrony correlation","Data",0.177775705522947
"Fig S18b","Low-synchrony correlation","Data",0.0793680140656451
"Fig S18b","Low-synchrony correlation","Data",0.337474876160836
"Fig S18b","Low-synchrony correlation","Data",0.159377674915471
"Fig S18b","Low-synchrony correlation","Data",0.355881777546002
"Fig S18b","Low-synchrony correlation","Data",0.0435636418817904
"Fig S18b","Low-synchrony correlation","Data",0.152442229270178
"Fig S18b","Low-synchrony correlation","Data",0.0668090504494612
"Fig S18b","Low-synchrony correlation","Data",0.0890167378519051
"Fig S18b","Low-synchrony correlation","Data",0.162908278373281
"Fig S18b","Low-synchrony correlation","Data",0.153218018783602
"Fig S18b","Low-synchrony correlation","Data",0.0627263526974137
"Fig S18b","Low-synchrony correlation","Data",0.124025203731477
"Fig S18b","Low-synchrony correlation","Data",0.362864532169019
"Fig S18b","Low-synchrony correlation","Data",0.0678897582630407
"Fig S18b","Low-synchrony correlation","Data",0.0521264462613348
"Fig S18b","Low-synchrony correlation","Data",0.255575980431763
"Fig S18b","Low-synchrony correlation","Data",0.0152297485963618
"Fig S18b","Low-synchrony correlation","Data",0.114692873042504
"Fig S18b","Low-synchrony correlation","Data",0.0746884154750985
"Fig S18b","Low-synchrony correlation","Data",0.0773571339000423
"Fig S18b","Low-synchrony correlation","Data",0.0233749238146863
"Fig S18b","Low-synchrony correlation","Data",0.134168063756209
"Fig S18b","Low-synchrony correlation","Data",0.431515490446848
"Fig S18b","Low-synchrony correlation","Data",0.0580718879778553
"Fig S18b","Low-synchrony correlation","Data",0.21724599614174
"Fig S18b","Low-synchrony correlation","Data",0.260897553405468
"Fig S18b","Low-synchrony correlation","Data",0.0977957656462579
"Fig S18b","Low-synchrony correlation","Data",0.0814125277801513
"Fig S18b","Low-synchrony correlation","Data",-0.0212606590912172
"Fig S18b","Low-synchrony correlation","Data",0.132409292089144
"Fig S18b","Low-synchrony correlation","Data",0.0411450686081102
"Fig S18b","Low-synchrony correlation","Data",0.0573978310575595
"Fig S18b","Low-synchrony correlation","Data",0.288157920208429
"Fig S18b","Low-synchrony correlation","Data",0.0379056267278652
"Fig S18b","Low-synchrony correlation","Data",0.0238214053227062
"Fig S18b","Low-synchrony correlation","Data",0.396725909882871
"Fig S18b","Low-synchrony correlation","Data",0.199036556304655
"Fig S18b","Low-synchrony correlation","Data",0.0989554451827845
"Fig S18b","Low-synchrony correlation","Data",0.286417510231052
"Fig S18b","Low-synchrony correlation","Data",0.0599734164585861
"Fig S18b","Low-synchrony correlation","Data",0.221516137936453
"Fig S18b","Low-synchrony correlation","Data",0.287000145666181
"Fig S18b","Low-synchrony correlation","Data",0.247455287003494
"Fig S18b","Low-synchrony correlation","Data",0.231392492365924
"Fig S18b","Low-synchrony correlation","Data",0.159959110150427
"Fig S18b","Low-synchrony correlation","Data",0.270727252589848
"Fig S18b","Low-synchrony correlation","Model (cross-protection 6m)",0.21361938743242
"Fig S18b","Low-synchrony correlation","Model (cross-protection 6m)",0.271093523562055
"Fig S18b","Low-synchrony correlation","Model (cross-protection 6m)",0.410242182127994
"Fig S18b","Low-synchrony correlation","Model (cross-protection 6m)",0.232083549319555
"Fig S18b","Low-synchrony correlation","Model (cross-protection 6m)",0.448682663847017
"Fig S18b","Low-synchrony correlation","Model (cross-protection 6m)",0.25002604736396
"Fig S18b","Low-synchrony correlation","Model (cross-protection 6m)",0.300180680921618
"Fig S18b","Low-synchrony correlation","Model (cross-protection 6m)",0.315470751847426
"Fig S18b","Low-synchrony correlation","Model (cross-protection 6m)",0.192345307674722
"Fig S18b","Low-synchrony correlation","Model (cross-protection 6m)",0.286508534336843
"Fig S18b","Low-synchrony correlation","Model (cross-protection 6m)",0.418402806635195
"Fig S18b","Low-synchrony correlation","Model (cross-protection 6m)",0.34516033769787
"Fig S18b","Low-synchrony correlation","Model (cross-protection 6m)",0.2241809963811
"Fig S18b","Low-synchrony correlation","Model (cross-protection 6m)",0.442075557315903
"Fig S18b","Low-synchrony correlation","Model (cross-protection 6m)",0.207343201070142
"Fig S18b","Low-synchrony correlation","Model (cross-protection 6m)",0.438497313830905
"Fig S18b","Low-synchrony correlation","Model (cross-protection 6m)",0.261636395572799
"Fig S18b","Low-synchrony correlation","Model (cross-protection 6m)",0.188416802014417
"Fig S18b","Low-synchrony correlation","Model (cross-protection 6m)",0.349759386677866
"Fig S18b","Low-synchrony correlation","Model (cross-protection 6m)",0.254741974995636
"Fig S18b","Low-synchrony correlation","Model (cross-protection 6m)",0.510761639371962
"Fig S18b","Low-synchrony correlation","Model (cross-protection 6m)",0.403401448467482
"Fig S18b","Low-synchrony correlation","Model (cross-protection 6m)",0.0387254510100551
"Fig S18b","Low-synchrony correlation","Model (cross-protection 6m)",0.0814015666576848
"Fig S18b","Low-synchrony correlation","Model (cross-protection 6m)",0.45015949717817
"Fig S18b","Low-synchrony correlation","Model (cross-protection 6m)",0.31838320629064
"Fig S18b","Low-synchrony correlation","Model (cross-protection 6m)",0.321306090386722
"Fig S18b","Low-synchrony correlation","Model (cross-protection 6m)",0.178082397806568
"Fig S18b","Low-synchrony correlation","Model (cross-protection 6m)",0.225810316139467
"Fig S18b","Low-synchrony correlation","Model (cross-protection 6m)",0.38281845530535
"Fig S18b","Low-synchrony correlation","Model (cross-protection 6m)",0.214517403864467
"Fig S18b","Low-synchrony correlation","Model (cross-protection 6m)",0.374865794173343
"Fig S18b","Low-synchrony correlation","Model (cross-protection 6m)",0.138933145317751
"Fig S18b","Low-synchrony correlation","Model (cross-protection 6m)",0.101878792208731
"Fig S18b","Low-synchrony correlation","Model (cross-protection 6m)",0.159658745540474
"Fig S18b","Low-synchrony correlation","Model (cross-protection 6m)",0.132629136259167
"Fig S18b","Low-synchrony correlation","Model (cross-protection 6m)",0.22987596521658
"Fig S18b","Low-synchrony correlation","Model (cross-protection 6m)",0.207578551364158
"Fig S18b","Low-synchrony correlation","Model (cross-protection 6m)",0.21384456780998
"Fig S18b","Low-synchrony correlation","Model (cross-protection 6m)",0.184919070959187
"Fig S18b","Low-synchrony correlation","Model (cross-protection 6m)",0.286249402316775
"Fig S18b","Low-synchrony correlation","Model (cross-protection 6m)",0.405590423122326
"Fig S18b","Low-synchrony correlation","Model (cross-protection 6m)",0.0434319011706741
"Fig S18b","Low-synchrony correlation","Model (cross-protection 6m)",0.186568711571957
"Fig S18b","Low-synchrony correlation","Model (cross-protection 6m)",0.413668812158048
"Fig S18b","Low-synchrony correlation","Model (cross-protection 6m)",0.163850115094447
"Fig S18b","Low-synchrony correlation","Model (cross-protection 6m)",0.0836039258567095
"Fig S18b","Low-synchrony correlation","Model (cross-protection 6m)",0.175887971947489
"Fig S18b","Low-synchrony correlation","Model (cross-protection 6m)",0.399047255364361
"Fig S18b","Low-synchrony correlation","Model (cross-protection 6m)",0.413218527872564
"Fig S18b","Low-synchrony correlation","Model (cross-protection 6m)",0.362641864894391
"Fig S18b","Low-synchrony correlation","Model (cross-protection 6m)",0.385875495568763
"Fig S18b","Low-synchrony correlation","Model (cross-protection 6m)",0.30453927357849
"Fig S18b","Low-synchrony correlation","Model (cross-protection 6m)",0.315507407107844
"Fig S18b","Low-synchrony correlation","Model (cross-protection 6m)",0.0872353478652022
"Fig S18b","Low-synchrony correlation","Model (cross-protection 6m)",0.000452148560342167
"Fig S18b","Low-synchrony correlation","Model (cross-protection 6m)",0.281604943415477
"Fig S18b","Low-synchrony correlation","Model (cross-protection 6m)",0.304800577479897
"Fig S18b","Low-synchrony correlation","Model (cross-protection 6m)",0.177619724618709
"Fig S18b","Low-synchrony correlation","Model (cross-protection 6m)",0.404843134428489
"Fig S18b","Low-synchrony correlation","Model (cross-protection 6m)",0.278646786679843
"Fig S18b","Low-synchrony correlation","Model (cross-protection 6m)",0.152761729120427
"Fig S18b","Low-synchrony correlation","Model (cross-protection 6m)",0.260265737248925
"Fig S18b","Low-synchrony correlation","Model (cross-protection 6m)",0.225823144593368
"Fig S18b","Low-synchrony correlation","Model (cross-protection 6m)",0.255296117794284
"Fig S18b","Low-synchrony correlation","Model (cross-protection 6m)",0.0812649740127074
"Fig S18b","Low-synchrony correlation","Model (cross-protection 6m)",0.397474901958377
"Fig S18b","Low-synchrony correlation","Model (cross-protection 6m)",0.533590164597194
"Fig S18b","Low-synchrony correlation","Model (cross-protection 6m)",0.30091587790262
"Fig S18b","Low-synchrony correlation","Model (cross-protection 6m)",0.401563552068345
"Fig S18b","Low-synchrony correlation","Model (cross-protection 6m)",0.152051995991654
"Fig S18b","Low-synchrony correlation","Model (cross-protection 6m)",0.552345034371271
"Fig S18b","Low-synchrony correlation","Model (cross-protection 12m)",0.155172245534345
"Fig S18b","Low-synchrony correlation","Model (cross-protection 12m)",0.224156334098764
"Fig S18b","Low-synchrony correlation","Model (cross-protection 12m)",0.417620881132213
"Fig S18b","Low-synchrony correlation","Model (cross-protection 12m)",0.237462630078663
"Fig S18b","Low-synchrony correlation","Model (cross-protection 12m)",0.416942191726904
"Fig S18b","Low-synchrony correlation","Model (cross-protection 12m)",0.270952879877955
"Fig S18b","Low-synchrony correlation","Model (cross-protection 12m)",0.310350755878715
"Fig S18b","Low-synchrony correlation","Model (cross-protection 12m)",0.303473900206861
"Fig S18b","Low-synchrony correlation","Model (cross-protection 12m)",0.209242611607755
"Fig S18b","Low-synchrony correlation","Model (cross-protection 12m)",0.225077592193961
"Fig S18b","Low-synchrony correlation","Model (cross-protection 12m)",0.354877204408118
"Fig S18b","Low-synchrony correlation","Model (cross-protection 12m)",0.364644378612451
"Fig S18b","Low-synchrony correlation","Model (cross-protection 12m)",0.147973727773288
"Fig S18b","Low-synchrony correlation","Model (cross-protection 12m)",0.4072442990078
"Fig S18b","Low-synchrony correlation","Model (cross-protection 12m)",0.323291207063818
"Fig S18b","Low-synchrony correlation","Model (cross-protection 12m)",0.338553281404646
"Fig S18b","Low-synchrony correlation","Model (cross-protection 12m)",0.236789872582239
"Fig S18b","Low-synchrony correlation","Model (cross-protection 12m)",0.190942202639085
"Fig S18b","Low-synchrony correlation","Model (cross-protection 12m)",0.379879916206826
"Fig S18b","Low-synchrony correlation","Model (cross-protection 12m)",0.186849072579059
"Fig S18b","Low-synchrony correlation","Model (cross-protection 12m)",0.510763171195336
"Fig S18b","Low-synchrony correlation","Model (cross-protection 12m)",0.286534408913178
"Fig S18b","Low-synchrony correlation","Model (cross-protection 12m)",0.0159209631468347
"Fig S18b","Low-synchrony correlation","Model (cross-protection 12m)",0.149852704136517
"Fig S18b","Low-synchrony correlation","Model (cross-protection 12m)",0.334733946031578
"Fig S18b","Low-synchrony correlation","Model (cross-protection 12m)",0.22354347149457
"Fig S18b","Low-synchrony correlation","Model (cross-protection 12m)",0.347571876466058
"Fig S18b","Low-synchrony correlation","Model (cross-protection 12m)",0.21929712855526
"Fig S18b","Low-synchrony correlation","Model (cross-protection 12m)",0.138399164792898
"Fig S18b","Low-synchrony correlation","Model (cross-protection 12m)",0.183948714840885
"Fig S18b","Low-synchrony correlation","Model (cross-protection 12m)",0.185018793432413
"Fig S18b","Low-synchrony correlation","Model (cross-protection 12m)",0.412789596298778
"Fig S18b","Low-synchrony correlation","Model (cross-protection 12m)",0.0673709034397153
"Fig S18b","Low-synchrony correlation","Model (cross-protection 12m)",0.155367825509974
"Fig S18b","Low-synchrony correlation","Model (cross-protection 12m)",0.0616203062419088
"Fig S18b","Low-synchrony correlation","Model (cross-protection 12m)",0.165400523147826
"Fig S18b","Low-synchrony correlation","Model (cross-protection 12m)",0.21020892387301
"Fig S18b","Low-synchrony correlation","Model (cross-protection 12m)",0.178383487521645
"Fig S18b","Low-synchrony correlation","Model (cross-protection 12m)",0.227596713825346
"Fig S18b","Low-synchrony correlation","Model (cross-protection 12m)",0.166499503874557
"Fig S18b","Low-synchrony correlation","Model (cross-protection 12m)",0.264104550562135
"Fig S18b","Low-synchrony correlation","Model (cross-protection 12m)",0.34423896813823
"Fig S18b","Low-synchrony correlation","Model (cross-protection 12m)",0.0698831780397922
"Fig S18b","Low-synchrony correlation","Model (cross-protection 12m)",0.202470853285607
"Fig S18b","Low-synchrony correlation","Model (cross-protection 12m)",0.29941279614689
"Fig S18b","Low-synchrony correlation","Model (cross-protection 12m)",0.171646530508638
"Fig S18b","Low-synchrony correlation","Model (cross-protection 12m)",0.155440531126488
"Fig S18b","Low-synchrony correlation","Model (cross-protection 12m)",0.354772600476295
"Fig S18b","Low-synchrony correlation","Model (cross-protection 12m)",0.329522393442089
"Fig S18b","Low-synchrony correlation","Model (cross-protection 12m)",0.293627220092578
"Fig S18b","Low-synchrony correlation","Model (cross-protection 12m)",0.292643562656807
"Fig S18b","Low-synchrony correlation","Model (cross-protection 12m)",0.336006195277457
"Fig S18b","Low-synchrony correlation","Model (cross-protection 12m)",0.343086736710568
"Fig S18b","Low-synchrony correlation","Model (cross-protection 12m)",0.291419218507583
"Fig S18b","Low-synchrony correlation","Model (cross-protection 12m)",0.110062773956066
"Fig S18b","Low-synchrony correlation","Model (cross-protection 12m)",0.0527473320122863
"Fig S18b","Low-synchrony correlation","Model (cross-protection 12m)",0.175918793385655
"Fig S18b","Low-synchrony correlation","Model (cross-protection 12m)",0.238209355364504
"Fig S18b","Low-synchrony correlation","Model (cross-protection 12m)",0.105397219157905
"Fig S18b","Low-synchrony correlation","Model (cross-protection 12m)",0.143786833951384
"Fig S18b","Low-synchrony correlation","Model (cross-protection 12m)",0.392381261152442
"Fig S18b","Low-synchrony correlation","Model (cross-protection 12m)",0.229549390226883
"Fig S18b","Low-synchrony correlation","Model (cross-protection 12m)",0.276146096200528
"Fig S18b","Low-synchrony correlation","Model (cross-protection 12m)",0.219717742671679
"Fig S18b","Low-synchrony correlation","Model (cross-protection 12m)",0.291027722215111
"Fig S18b","Low-synchrony correlation","Model (cross-protection 12m)",-0.0211526617092199
"Fig S18b","Low-synchrony correlation","Model (cross-protection 12m)",0.407056984789685
"Fig S18b","Low-synchrony correlation","Model (cross-protection 12m)",0.451680434809985
"Fig S18b","Low-synchrony correlation","Model (cross-protection 12m)",0.317795018696793
"Fig S18b","Low-synchrony correlation","Model (cross-protection 12m)",0.390080326474721
"Fig S18b","Low-synchrony correlation","Model (cross-protection 12m)",0.113342070300365
"Fig S18b","Low-synchrony correlation","Model (cross-protection 12m)",0.348451605561925
"Fig S18b","Low-synchrony correlation","Model (cross-protection 24m)",0.204625389802019
"Fig S18b","Low-synchrony correlation","Model (cross-protection 24m)",0.250795997924573
"Fig S18b","Low-synchrony correlation","Model (cross-protection 24m)",0.544173326673341
"Fig S18b","Low-synchrony correlation","Model (cross-protection 24m)",0.24698540305818
"Fig S18b","Low-synchrony correlation","Model (cross-protection 24m)",0.422708264434756
"Fig S18b","Low-synchrony correlation","Model (cross-protection 24m)",0.314450569896589
"Fig S18b","Low-synchrony correlation","Model (cross-protection 24m)",0.270621082242823
"Fig S18b","Low-synchrony correlation","Model (cross-protection 24m)",0.320788407607946
"Fig S18b","Low-synchrony correlation","Model (cross-protection 24m)",0.257749371127557
"Fig S18b","Low-synchrony correlation","Model (cross-protection 24m)",0.159311114100432
"Fig S18b","Low-synchrony correlation","Model (cross-protection 24m)",0.33479466723645
"Fig S18b","Low-synchrony correlation","Model (cross-protection 24m)",0.255609012882794
"Fig S18b","Low-synchrony correlation","Model (cross-protection 24m)",0.16457103820672
"Fig S18b","Low-synchrony correlation","Model (cross-protection 24m)",0.476514752335033
"Fig S18b","Low-synchrony correlation","Model (cross-protection 24m)",0.180340385186916
"Fig S18b","Low-synchrony correlation","Model (cross-protection 24m)",0.26321554707348
"Fig S18b","Low-synchrony correlation","Model (cross-protection 24m)",0.323456080320093
"Fig S18b","Low-synchrony correlation","Model (cross-protection 24m)",0.325463538257803
"Fig S18b","Low-synchrony correlation","Model (cross-protection 24m)",0.286266610802068
"Fig S18b","Low-synchrony correlation","Model (cross-protection 24m)",0.245870772448318
"Fig S18b","Low-synchrony correlation","Model (cross-protection 24m)",0.510761165341442
"Fig S18b","Low-synchrony correlation","Model (cross-protection 24m)",0.27851324233963
"Fig S18b","Low-synchrony correlation","Model (cross-protection 24m)",0.0795358671470615
"Fig S18b","Low-synchrony correlation","Model (cross-protection 24m)",0.0965408626418042
"Fig S18b","Low-synchrony correlation","Model (cross-protection 24m)",0.362281984780199
"Fig S18b","Low-synchrony correlation","Model (cross-protection 24m)",0.25257550342648
"Fig S18b","Low-synchrony correlation","Model (cross-protection 24m)",0.21442945956444
"Fig S18b","Low-synchrony correlation","Model (cross-protection 24m)",0.305256057975229
"Fig S18b","Low-synchrony correlation","Model (cross-protection 24m)",0.180966213609417
"Fig S18b","Low-synchrony correlation","Model (cross-protection 24m)",0.384748673712075
"Fig S18b","Low-synchrony correlation","Model (cross-protection 24m)",0.171314401627592
"Fig S18b","Low-synchrony correlation","Model (cross-protection 24m)",0.176748548319425
"Fig S18b","Low-synchrony correlation","Model (cross-protection 24m)",0.0742858456942255
"Fig S18b","Low-synchrony correlation","Model (cross-protection 24m)",0.100048211216657
"Fig S18b","Low-synchrony correlation","Model (cross-protection 24m)",0.0283154005170939
"Fig S18b","Low-synchrony correlation","Model (cross-protection 24m)",0.098002027313478
"Fig S18b","Low-synchrony correlation","Model (cross-protection 24m)",0.242803587173564
"Fig S18b","Low-synchrony correlation","Model (cross-protection 24m)",0.240802878419627
"Fig S18b","Low-synchrony correlation","Model (cross-protection 24m)",0.256106017282324
"Fig S18b","Low-synchrony correlation","Model (cross-protection 24m)",0.202787793792055
"Fig S18b","Low-synchrony correlation","Model (cross-protection 24m)",0.231570299022064
"Fig S18b","Low-synchrony correlation","Model (cross-protection 24m)",0.301308542619905
"Fig S18b","Low-synchrony correlation","Model (cross-protection 24m)",-0.0394031423145625
"Fig S18b","Low-synchrony correlation","Model (cross-protection 24m)",0.256028180661905
"Fig S18b","Low-synchrony correlation","Model (cross-protection 24m)",0.418681929308469
"Fig S18b","Low-synchrony correlation","Model (cross-protection 24m)",0.10475428211639
"Fig S18b","Low-synchrony correlation","Model (cross-protection 24m)",0.183424074938157
"Fig S18b","Low-synchrony correlation","Model (cross-protection 24m)",0.261761150983351
"Fig S18b","Low-synchrony correlation","Model (cross-protection 24m)",0.23781577798782
"Fig S18b","Low-synchrony correlation","Model (cross-protection 24m)",0.35664977666108
"Fig S18b","Low-synchrony correlation","Model (cross-protection 24m)",0.262374600200935
"Fig S18b","Low-synchrony correlation","Model (cross-protection 24m)",0.275411461760955
"Fig S18b","Low-synchrony correlation","Model (cross-protection 24m)",0.324197253989555
"Fig S18b","Low-synchrony correlation","Model (cross-protection 24m)",0.231105852759282
"Fig S18b","Low-synchrony correlation","Model (cross-protection 24m)",0.146519820859044
"Fig S18b","Low-synchrony correlation","Model (cross-protection 24m)",0.142115111746746
"Fig S18b","Low-synchrony correlation","Model (cross-protection 24m)",0.273140894881988
"Fig S18b","Low-synchrony correlation","Model (cross-protection 24m)",0.279529010101119
"Fig S18b","Low-synchrony correlation","Model (cross-protection 24m)",0.186258512391747
"Fig S18b","Low-synchrony correlation","Model (cross-protection 24m)",0.339945767928672
"Fig S18b","Low-synchrony correlation","Model (cross-protection 24m)",0.350096564604976
"Fig S18b","Low-synchrony correlation","Model (cross-protection 24m)",0.142510657772194
"Fig S18b","Low-synchrony correlation","Model (cross-protection 24m)",0.301224899890929
"Fig S18b","Low-synchrony correlation","Model (cross-protection 24m)",0.20393053074994
"Fig S18b","Low-synchrony correlation","Model (cross-protection 24m)",0.316976719617746
"Fig S18b","Low-synchrony correlation","Model (cross-protection 24m)",0.0115009682153802
"Fig S18b","Low-synchrony correlation","Model (cross-protection 24m)",0.352988327781591
"Fig S18b","Low-synchrony correlation","Model (cross-protection 24m)",0.522921124043173
"Fig S18b","Low-synchrony correlation","Model (cross-protection 24m)",0.319587239217268
"Fig S18b","Low-synchrony correlation","Model (cross-protection 24m)",0.385478938325297
"Fig S18b","Low-synchrony correlation","Model (cross-protection 24m)",0.172414606932889
"Fig S18b","Low-synchrony correlation","Model (cross-protection 24m)",0.465819737051614
"Fig S18c","Model and data low-synchrony correlation difference","Data - Model (cross-protection 6m)",-0.23024440054706
"Fig S18c","Model and data low-synchrony correlation difference","Data - Model (cross-protection 6m)",-0.101612845476732
"Fig S18c","Model and data low-synchrony correlation difference","Data - Model (cross-protection 6m)",-0.372028037302554
"Fig S18c","Model and data low-synchrony correlation difference","Data - Model (cross-protection 6m)",-0.340617872823483
"Fig S18c","Model and data low-synchrony correlation difference","Data - Model (cross-protection 6m)",-0.37117079615104
"Fig S18c","Model and data low-synchrony correlation difference","Data - Model (cross-protection 6m)",-0.0299523934687974
"Fig S18c","Model and data low-synchrony correlation difference","Data - Model (cross-protection 6m)",-0.0321706258542705
"Fig S18c","Model and data low-synchrony correlation difference","Data - Model (cross-protection 6m)",0.0508743017480844
"Fig S18c","Model and data low-synchrony correlation difference","Data - Model (cross-protection 6m)",-0.0962143813264859
"Fig S18c","Model and data low-synchrony correlation difference","Data - Model (cross-protection 6m)",-0.231165448590818
"Fig S18c","Model and data low-synchrony correlation difference","Data - Model (cross-protection 6m)",-0.248276848583356
"Fig S18c","Model and data low-synchrony correlation difference","Data - Model (cross-protection 6m)",-0.377103651589536
"Fig S18c","Model and data low-synchrony correlation difference","Data - Model (cross-protection 6m)",0.00141664816496109
"Fig S18c","Model and data low-synchrony correlation difference","Data - Model (cross-protection 6m)",-0.355022229633428
"Fig S18c","Model and data low-synchrony correlation difference","Data - Model (cross-protection 6m)",0.173107283896908
"Fig S18c","Model and data low-synchrony correlation difference","Data - Model (cross-protection 6m)",-0.300827689120516
"Fig S18c","Model and data low-synchrony correlation difference","Data - Model (cross-protection 6m)",0.0885817670418471
"Fig S18c","Model and data low-synchrony correlation difference","Data - Model (cross-protection 6m)",0.0230695632486243
"Fig S18c","Model and data low-synchrony correlation difference","Data - Model (cross-protection 6m)",-0.28146554670888
"Fig S18c","Model and data low-synchrony correlation difference","Data - Model (cross-protection 6m)",-0.245005355070064
"Fig S18c","Model and data low-synchrony correlation difference","Data - Model (cross-protection 6m)",-0.184756375733839
"Fig S18c","Model and data low-synchrony correlation difference","Data - Model (cross-protection 6m)",-0.439227230448332
"Fig S18c","Model and data low-synchrony correlation difference","Data - Model (cross-protection 6m)",-0.00902067190060392
"Fig S18c","Model and data low-synchrony correlation difference","Data - Model (cross-protection 6m)",0.0321069806430347
"Fig S18c","Model and data low-synchrony correlation difference","Data - Model (cross-protection 6m)",-0.232086097985154
"Fig S18c","Model and data low-synchrony correlation difference","Data - Model (cross-protection 6m)",-0.140607500767694
"Fig S18c","Model and data low-synchrony correlation difference","Data - Model (cross-protection 6m)",-0.241938076321077
"Fig S18c","Model and data low-synchrony correlation difference","Data - Model (cross-protection 6m)",0.159392478354268
"Fig S18c","Model and data low-synchrony correlation difference","Data - Model (cross-protection 6m)",-0.0664326412239961
"Fig S18c","Model and data low-synchrony correlation difference","Data - Model (cross-protection 6m)",-0.0269366777593484
"Fig S18c","Model and data low-synchrony correlation difference","Data - Model (cross-protection 6m)",-0.170953761982676
"Fig S18c","Model and data low-synchrony correlation difference","Data - Model (cross-protection 6m)",-0.222423564903166
"Fig S18c","Model and data low-synchrony correlation difference","Data - Model (cross-protection 6m)",-0.0721240948682899
"Fig S18c","Model and data low-synchrony correlation difference","Data - Model (cross-protection 6m)",-0.0128620543568258
"Fig S18c","Model and data low-synchrony correlation difference","Data - Model (cross-protection 6m)",0.00324953283280738
"Fig S18c","Model and data low-synchrony correlation difference","Data - Model (cross-protection 6m)",0.0205888825244352
"Fig S18c","Model and data low-synchrony correlation difference","Data - Model (cross-protection 6m)",-0.167149612519166
"Fig S18c","Model and data low-synchrony correlation difference","Data - Model (cross-protection 6m)",-0.0835533476326808
"Fig S18c","Model and data low-synchrony correlation difference","Data - Model (cross-protection 6m)",0.149019964359039
"Fig S18c","Model and data low-synchrony correlation difference","Data - Model (cross-protection 6m)",-0.117029312696147
"Fig S18c","Model and data low-synchrony correlation difference","Data - Model (cross-protection 6m)",-0.23412295605544
"Fig S18c","Model and data low-synchrony correlation difference","Data - Model (cross-protection 6m)",-0.150014442690562
"Fig S18c","Model and data low-synchrony correlation difference","Data - Model (cross-protection 6m)",-0.0282021525743123
"Fig S18c","Model and data low-synchrony correlation difference","Data - Model (cross-protection 6m)",-0.0718758385294528
"Fig S18c","Model and data low-synchrony correlation difference","Data - Model (cross-protection 6m)",-0.338980396682949
"Fig S18c","Model and data low-synchrony correlation difference","Data - Model (cross-protection 6m)",-0.0864929811944052
"Fig S18c","Model and data low-synchrony correlation difference","Data - Model (cross-protection 6m)",-0.0602290020420233
"Fig S18c","Model and data low-synchrony correlation difference","Data - Model (cross-protection 6m)",-0.0417199081912795
"Fig S18c","Model and data low-synchrony correlation difference","Data - Model (cross-protection 6m)",0.032468235082487
"Fig S18c","Model and data low-synchrony correlation difference","Data - Model (cross-protection 6m)",-0.355146639894709
"Fig S18c","Model and data low-synchrony correlation difference","Data - Model (cross-protection 6m)",-0.145395868752651
"Fig S18c","Model and data low-synchrony correlation difference","Data - Model (cross-protection 6m)",-0.124977942163295
"Fig S18c","Model and data low-synchrony correlation difference","Data - Model (cross-protection 6m)",-0.206743507932232
"Fig S18c","Model and data low-synchrony correlation difference","Data - Model (cross-protection 6m)",-0.234094879327692
"Fig S18c","Model and data low-synchrony correlation difference","Data - Model (cross-protection 6m)",-0.108496006956419
"Fig S18c","Model and data low-synchrony correlation difference","Data - Model (cross-protection 6m)",0.131957143528802
"Fig S18c","Model and data low-synchrony correlation difference","Data - Model (cross-protection 6m)",-0.240459874807367
"Fig S18c","Model and data low-synchrony correlation difference","Data - Model (cross-protection 6m)",-0.247402746422338
"Fig S18c","Model and data low-synchrony correlation difference","Data - Model (cross-protection 6m)",0.11053819558972
"Fig S18c","Model and data low-synchrony correlation difference","Data - Model (cross-protection 6m)",-0.366937507700624
"Fig S18c","Model and data low-synchrony correlation difference","Data - Model (cross-protection 6m)",-0.254825381357137
"Fig S18c","Model and data low-synchrony correlation difference","Data - Model (cross-protection 6m)",0.243964180762444
"Fig S18c","Model and data low-synchrony correlation difference","Data - Model (cross-protection 6m)",-0.0612291809442695
"Fig S18c","Model and data low-synchrony correlation difference","Data - Model (cross-protection 6m)",-0.126867699410584
"Fig S18c","Model and data low-synchrony correlation difference","Data - Model (cross-protection 6m)",0.0311213924367683
"Fig S18c","Model and data low-synchrony correlation difference","Data - Model (cross-protection 6m)",-0.0212915575541213
"Fig S18c","Model and data low-synchrony correlation difference","Data - Model (cross-protection 6m)",-0.175958764021923
"Fig S18c","Model and data low-synchrony correlation difference","Data - Model (cross-protection 6m)",-0.246590018931012
"Fig S18c","Model and data low-synchrony correlation difference","Data - Model (cross-protection 6m)",-0.0534605908991257
"Fig S18c","Model and data low-synchrony correlation difference","Data - Model (cross-protection 6m)",-0.170171059702421
"Fig S18c","Model and data low-synchrony correlation difference","Data - Model (cross-protection 6m)",0.00790711415877296
"Fig S18c","Model and data low-synchrony correlation difference","Data - Model (cross-protection 6m)",-0.281617781781422
"Fig S18c","Model and data low-synchrony correlation difference","Data - Model (cross-protection 12m)",-0.171797258648986
"Fig S18c","Model and data low-synchrony correlation difference","Data - Model (cross-protection 12m)",-0.0546756560134404
"Fig S18c","Model and data low-synchrony correlation difference","Data - Model (cross-protection 12m)",-0.379406736306772
"Fig S18c","Model and data low-synchrony correlation difference","Data - Model (cross-protection 12m)",-0.345996953582592
"Fig S18c","Model and data low-synchrony correlation difference","Data - Model (cross-protection 12m)",-0.339430324030927
"Fig S18c","Model and data low-synchrony correlation difference","Data - Model (cross-protection 12m)",-0.0508792259827925
"Fig S18c","Model and data low-synchrony correlation difference","Data - Model (cross-protection 12m)",-0.042340700811367
"Fig S18c","Model and data low-synchrony correlation difference","Data - Model (cross-protection 12m)",0.0628711533886495
"Fig S18c","Model and data low-synchrony correlation difference","Data - Model (cross-protection 12m)",-0.113111685259519
"Fig S18c","Model and data low-synchrony correlation difference","Data - Model (cross-protection 12m)",-0.169734506447936
"Fig S18c","Model and data low-synchrony correlation difference","Data - Model (cross-protection 12m)",-0.18475124635628
"Fig S18c","Model and data low-synchrony correlation difference","Data - Model (cross-protection 12m)",-0.396587692504117
"Fig S18c","Model and data low-synchrony correlation difference","Data - Model (cross-protection 12m)",0.0776239167727731
"Fig S18c","Model and data low-synchrony correlation difference","Data - Model (cross-protection 12m)",-0.320190971325326
"Fig S18c","Model and data low-synchrony correlation difference","Data - Model (cross-protection 12m)",0.0571592779032317
"Fig S18c","Model and data low-synchrony correlation difference","Data - Model (cross-protection 12m)",-0.200883656694257
"Fig S18c","Model and data low-synchrony correlation difference","Data - Model (cross-protection 12m)",0.113428290032407
"Fig S18c","Model and data low-synchrony correlation difference","Data - Model (cross-protection 12m)",0.0205441626239571
"Fig S18c","Model and data low-synchrony correlation difference","Data - Model (cross-protection 12m)",-0.311586076237841
"Fig S18c","Model and data low-synchrony correlation difference","Data - Model (cross-protection 12m)",-0.177112452653487
"Fig S18c","Model and data low-synchrony correlation difference","Data - Model (cross-protection 12m)",-0.184757907557212
"Fig S18c","Model and data low-synchrony correlation difference","Data - Model (cross-protection 12m)",-0.322360190894028
"Fig S18c","Model and data low-synchrony correlation difference","Data - Model (cross-protection 12m)",0.0137838159626164
"Fig S18c","Model and data low-synchrony correlation difference","Data - Model (cross-protection 12m)",-0.0363441568357975
"Fig S18c","Model and data low-synchrony correlation difference","Data - Model (cross-protection 12m)",-0.116660546838561
"Fig S18c","Model and data low-synchrony correlation difference","Data - Model (cross-protection 12m)",-0.0457677659716239
"Fig S18c","Model and data low-synchrony correlation difference","Data - Model (cross-protection 12m)",-0.268203862400413
"Fig S18c","Model and data low-synchrony correlation difference","Data - Model (cross-protection 12m)",0.118177747605576
"Fig S18c","Model and data low-synchrony correlation difference","Data - Model (cross-protection 12m)",0.020978510122573
"Fig S18c","Model and data low-synchrony correlation difference","Data - Model (cross-protection 12m)",0.171933062705116
"Fig S18c","Model and data low-synchrony correlation difference","Data - Model (cross-protection 12m)",-0.141455151550623
"Fig S18c","Model and data low-synchrony correlation difference","Data - Model (cross-protection 12m)",-0.2603473670286
"Fig S18c","Model and data low-synchrony correlation difference","Data - Model (cross-protection 12m)",-0.000561852990254103
"Fig S18c","Model and data low-synchrony correlation difference","Data - Model (cross-protection 12m)",-0.0663510876580687
"Fig S18c","Model and data low-synchrony correlation difference","Data - Model (cross-protection 12m)",0.101287972131372
"Fig S18c","Model and data low-synchrony correlation difference","Data - Model (cross-protection 12m)",-0.0121825043642234
"Fig S18c","Model and data low-synchrony correlation difference","Data - Model (cross-protection 12m)",-0.147482571175596
"Fig S18c","Model and data low-synchrony correlation difference","Data - Model (cross-protection 12m)",-0.0543582837901671
"Fig S18c","Model and data low-synchrony correlation difference","Data - Model (cross-protection 12m)",0.135267818343673
"Fig S18c","Model and data low-synchrony correlation difference","Data - Model (cross-protection 12m)",-0.0986097456115166
"Fig S18c","Model and data low-synchrony correlation difference","Data - Model (cross-protection 12m)",-0.2119781043008
"Fig S18c","Model and data low-synchrony correlation difference","Data - Model (cross-protection 12m)",-0.088662987706467
"Fig S18c","Model and data low-synchrony correlation difference","Data - Model (cross-protection 12m)",-0.0546534294434304
"Fig S18c","Model and data low-synchrony correlation difference","Data - Model (cross-protection 12m)",-0.0877779802431024
"Fig S18c","Model and data low-synchrony correlation difference","Data - Model (cross-protection 12m)",-0.224724380671792
"Fig S18c","Model and data low-synchrony correlation difference","Data - Model (cross-protection 12m)",-0.094289396608596
"Fig S18c","Model and data low-synchrony correlation difference","Data - Model (cross-protection 12m)",-0.132065607311802
"Fig S18c","Model and data low-synchrony correlation difference","Data - Model (cross-protection 12m)",-0.220604536720085
"Fig S18c","Model and data low-synchrony correlation difference","Data - Model (cross-protection 12m)",0.101993097004759
"Fig S18c","Model and data low-synchrony correlation difference","Data - Model (cross-protection 12m)",-0.235555332114723
"Fig S18c","Model and data low-synchrony correlation difference","Data - Model (cross-protection 12m)",-0.0753975665150665
"Fig S18c","Model and data low-synchrony correlation difference","Data - Model (cross-protection 12m)",-0.0751086418719891
"Fig S18c","Model and data low-synchrony correlation difference","Data - Model (cross-protection 12m)",-0.24529097106431
"Fig S18c","Model and data low-synchrony correlation difference","Data - Model (cross-protection 12m)",-0.210006690727432
"Fig S18c","Model and data low-synchrony correlation difference","Data - Model (cross-protection 12m)",-0.131323433047283
"Fig S18c","Model and data low-synchrony correlation difference","Data - Model (cross-protection 12m)",0.0796619600768578
"Fig S18c","Model and data low-synchrony correlation difference","Data - Model (cross-protection 12m)",-0.134773724777545
"Fig S18c","Model and data low-synchrony correlation difference","Data - Model (cross-protection 12m)",-0.180811524306945
"Fig S18c","Model and data low-synchrony correlation difference","Data - Model (cross-protection 12m)",0.182760701050524
"Fig S18c","Model and data low-synchrony correlation difference","Data - Model (cross-protection 12m)",-0.105881207223519
"Fig S18c","Model and data low-synchrony correlation difference","Data - Model (cross-protection 12m)",-0.368559855829736
"Fig S18c","Model and data low-synchrony correlation difference","Data - Model (cross-protection 12m)",0.167176519655988
"Fig S18c","Model and data low-synchrony correlation difference","Data - Model (cross-protection 12m)",-0.0771095398958727
"Fig S18c","Model and data low-synchrony correlation difference","Data - Model (cross-protection 12m)",-0.120762297488894
"Fig S18c","Model and data low-synchrony correlation difference","Data - Model (cross-protection 12m)",-0.00461021198405864
"Fig S18c","Model and data low-synchrony correlation difference","Data - Model (cross-protection 12m)",0.081126078167806
"Fig S18c","Model and data low-synchrony correlation difference","Data - Model (cross-protection 12m)",-0.185540846853232
"Fig S18c","Model and data low-synchrony correlation difference","Data - Model (cross-protection 12m)",-0.164680289143803
"Fig S18c","Model and data low-synchrony correlation difference","Data - Model (cross-protection 12m)",-0.0703397316932989
"Fig S18c","Model and data low-synchrony correlation difference","Data - Model (cross-protection 12m)",-0.158687834108796
"Fig S18c","Model and data low-synchrony correlation difference","Data - Model (cross-protection 12m)",0.0466170398500621
"Fig S18c","Model and data low-synchrony correlation difference","Data - Model (cross-protection 12m)",-0.0777243529720766
"Fig S18c","Model and data low-synchrony correlation difference","Data - Model (cross-protection 24m)",-0.221250402916659
"Fig S18c","Model and data low-synchrony correlation difference","Data - Model (cross-protection 24m)",-0.0813153198392494
"Fig S18c","Model and data low-synchrony correlation difference","Data - Model (cross-protection 24m)",-0.505959181847901
"Fig S18c","Model and data low-synchrony correlation difference","Data - Model (cross-protection 24m)",-0.355519726562109
"Fig S18c","Model and data low-synchrony correlation difference","Data - Model (cross-protection 24m)",-0.345196396738779
"Fig S18c","Model and data low-synchrony correlation difference","Data - Model (cross-protection 24m)",-0.0943769160014266
"Fig S18c","Model and data low-synchrony correlation difference","Data - Model (cross-protection 24m)",-0.0026110271754754
"Fig S18c","Model and data low-synchrony correlation difference","Data - Model (cross-protection 24m)",0.0455566459875647
"Fig S18c","Model and data low-synchrony correlation difference","Data - Model (cross-protection 24m)",-0.161618444779321
"Fig S18c","Model and data low-synchrony correlation difference","Data - Model (cross-protection 24m)",-0.103968028354407
"Fig S18c","Model and data low-synchrony correlation difference","Data - Model (cross-protection 24m)",-0.164668709184611
"Fig S18c","Model and data low-synchrony correlation difference","Data - Model (cross-protection 24m)",-0.28755232677446
"Fig S18c","Model and data low-synchrony correlation difference","Data - Model (cross-protection 24m)",0.061026606339341
"Fig S18c","Model and data low-synchrony correlation difference","Data - Model (cross-protection 24m)",-0.389461424652558
"Fig S18c","Model and data low-synchrony correlation difference","Data - Model (cross-protection 24m)",0.200110099780134
"Fig S18c","Model and data low-synchrony correlation difference","Data - Model (cross-protection 24m)",-0.125545922363091
"Fig S18c","Model and data low-synchrony correlation difference","Data - Model (cross-protection 24m)",0.026762082294553
"Fig S18c","Model and data low-synchrony correlation difference","Data - Model (cross-protection 24m)",-0.113977172994762
"Fig S18c","Model and data low-synchrony correlation difference","Data - Model (cross-protection 24m)",-0.217972770833082
"Fig S18c","Model and data low-synchrony correlation difference","Data - Model (cross-protection 24m)",-0.236134152522746
"Fig S18c","Model and data low-synchrony correlation difference","Data - Model (cross-protection 24m)",-0.184755901703318
"Fig S18c","Model and data low-synchrony correlation difference","Data - Model (cross-protection 24m)",-0.31433902432048
"Fig S18c","Model and data low-synchrony correlation difference","Data - Model (cross-protection 24m)",-0.0498310880376103
"Fig S18c","Model and data low-synchrony correlation difference","Data - Model (cross-protection 24m)",0.0169676846589152
"Fig S18c","Model and data low-synchrony correlation difference","Data - Model (cross-protection 24m)",-0.144208585587182
"Fig S18c","Model and data low-synchrony correlation difference","Data - Model (cross-protection 24m)",-0.0747997979035331
"Fig S18c","Model and data low-synchrony correlation difference","Data - Model (cross-protection 24m)",-0.135061445498795
"Fig S18c","Model and data low-synchrony correlation difference","Data - Model (cross-protection 24m)",0.0322188181856069
"Fig S18c","Model and data low-synchrony correlation difference","Data - Model (cross-protection 24m)",-0.0215885386939465
"Fig S18c","Model and data low-synchrony correlation difference","Data - Model (cross-protection 24m)",-0.0288668961660732
"Fig S18c","Model and data low-synchrony correlation difference","Data - Model (cross-protection 24m)",-0.127750759745802
"Fig S18c","Model and data low-synchrony correlation difference","Data - Model (cross-protection 24m)",-0.0243063190492477
"Fig S18c","Model and data low-synchrony correlation difference","Data - Model (cross-protection 24m)",-0.00747679524476431
"Fig S18c","Model and data low-synchrony correlation difference","Data - Model (cross-protection 24m)",-0.0110314733647515
"Fig S18c","Model and data low-synchrony correlation difference","Data - Model (cross-protection 24m)",0.134592877856187
"Fig S18c","Model and data low-synchrony correlation difference","Data - Model (cross-protection 24m)",0.0552159914701244
"Fig S18c","Model and data low-synchrony correlation difference","Data - Model (cross-protection 24m)",-0.18007723447615
"Fig S18c","Model and data low-synchrony correlation difference","Data - Model (cross-protection 24m)",-0.11677767468815
"Fig S18c","Model and data low-synchrony correlation difference","Data - Model (cross-protection 24m)",0.106758514886695
"Fig S18c","Model and data low-synchrony correlation difference","Data - Model (cross-protection 24m)",-0.134898035529014
"Fig S18c","Model and data low-synchrony correlation difference","Data - Model (cross-protection 24m)",-0.17944385276073
"Fig S18c","Model and data low-synchrony correlation difference","Data - Model (cross-protection 24m)",-0.0457325621881418
"Fig S18c","Model and data low-synchrony correlation difference","Data - Model (cross-protection 24m)",0.0546328909109243
"Fig S18c","Model and data low-synchrony correlation difference","Data - Model (cross-protection 24m)",-0.141335307619401
"Fig S18c","Model and data low-synchrony correlation difference","Data - Model (cross-protection 24m)",-0.34399351383337
"Fig S18c","Model and data low-synchrony correlation difference","Data - Model (cross-protection 24m)",-0.0273971482163475
"Fig S18c","Model and data low-synchrony correlation difference","Data - Model (cross-protection 24m)",-0.160049151123471
"Fig S18c","Model and data low-synchrony correlation difference","Data - Model (cross-protection 24m)",-0.127593087227142
"Fig S18c","Model and data low-synchrony correlation difference","Data - Model (cross-protection 24m)",0.193699712459028
"Fig S18c","Model and data low-synchrony correlation difference","Data - Model (cross-protection 24m)",-0.298577888683225
"Fig S18c","Model and data low-synchrony correlation difference","Data - Model (cross-protection 24m)",-0.0451286040591948
"Fig S18c","Model and data low-synchrony correlation difference","Data - Model (cross-protection 24m)",-0.0145139083554868
"Fig S18c","Model and data low-synchrony correlation difference","Data - Model (cross-protection 24m)",-0.226401488343297
"Fig S18c","Model and data low-synchrony correlation difference","Data - Model (cross-protection 24m)",-0.149693324979131
"Fig S18c","Model and data low-synchrony correlation difference","Data - Model (cross-protection 24m)",-0.167780479950261
"Fig S18c","Model and data low-synchrony correlation difference","Data - Model (cross-protection 24m)",-0.00970581965760162
"Fig S18c","Model and data low-synchrony correlation difference","Data - Model (cross-protection 24m)",-0.231995826273878
"Fig S18c","Model and data low-synchrony correlation difference","Data - Model (cross-protection 24m)",-0.222131179043559
"Fig S18c","Model and data low-synchrony correlation difference","Data - Model (cross-protection 24m)",0.101899407816683
"Fig S18c","Model and data low-synchrony correlation difference","Data - Model (cross-protection 24m)",-0.302040141200807
"Fig S18c","Model and data low-synchrony correlation difference","Data - Model (cross-protection 24m)",-0.32627515928227
"Fig S18c","Model and data low-synchrony correlation difference","Data - Model (cross-protection 24m)",0.254215252110677
"Fig S18c","Model and data low-synchrony correlation difference","Data - Model (cross-protection 24m)",-0.102188343586274
"Fig S18c","Model and data low-synchrony correlation difference","Data - Model (cross-protection 24m)",-0.104975085567156
"Fig S18c","Model and data low-synchrony correlation difference","Data - Model (cross-protection 24m)",-0.0305592093866938
"Fig S18c","Model and data low-synchrony correlation difference","Data - Model (cross-protection 24m)",0.0484724482432059
"Fig S18c","Model and data low-synchrony correlation difference","Data - Model (cross-protection 24m)",-0.131472189845137
"Fig S18c","Model and data low-synchrony correlation difference","Data - Model (cross-protection 24m)",-0.235920978376991
"Fig S18c","Model and data low-synchrony correlation difference","Data - Model (cross-protection 24m)",-0.072131952213774
"Fig S18c","Model and data low-synchrony correlation difference","Data - Model (cross-protection 24m)",-0.154086445959373
"Fig S18c","Model and data low-synchrony correlation difference","Data - Model (cross-protection 24m)",-0.0124554967824619
"Fig S18c","Model and data low-synchrony correlation difference","Data - Model (cross-protection 24m)",-0.195092484461765
